IPAddress,Duration (in seconds),Finished,RecordedDate,ResponseId,consent,ID,browser_info_Resolution,timer_pitch_deck_First Click,timer_pitch_deck_Last Click,timer_pitch_deck_Page Submit,timer_pitch_deck_Click Count,timer_mc_design_First Click,timer_mc_design_Last Click,timer_mc_design_Page Submit,timer_mc_design_Click Count,contrast,clarity,symmetry,complexity,timer_mc_flu_First Click,timer_mc_flu_Last Click,timer_mc_flu_Page Submit,timer_mc_flu_Click Count,fluency _1,timer_mc_quality_First Click,timer_mc_quality_Last Click,timer_mc_quality_Page Submit,timer_mc_quality_Click Count,quality,attention_check,attention_check_99_TEXT,comprehension_check,similar_study,similar_study_1_TEXT,PROLIFIC_PID,fluency_condition
1,46,TRUE,2022-11-04T14:06:52Z,R_1rq4sHeH3gYDNkp,yes,1,1920x1080,0,0,1.667,0,3.932,8.228,8.989,4,5,6,5,5,3.713,3.713,4.443,1,26,5.224,5.224,6.865,1,4,Once a week,NA,Sports analytics,No,NA,1,high
2,169,TRUE,2022-11-04T14:10:43Z,R_1JQOGWpAdWGUk03,yes,2,1920x1080,10.249,10.249,109.071,1,3.711,10.474,11.207,4,3,5,6,4,3.147,3.147,4.215,1,42,6.621,6.621,7.912,1,5,Once a week,NA,HR technology,No,NA,2,low
3,154,TRUE,2022-11-04T14:10:50Z,R_1je6Ys4cofpZLsN,yes,3,2240x1260,11.282,11.282,35.857,1,17.072,43.556,44.113,9,6,5,6,4,5.542,5.542,6.194,1,64,11.558,11.558,12.179,1,5,Once a week,NA,HR technology,No,NA,3,high
4,135,TRUE,2022-11-04T14:13:41Z,R_wY6aK6svigZ2RNf,yes,4,1920x1080,0,0,12.748,0,7.254,11.214,11.965,4,4,4,4,4,3.818,3.818,4.63,1,58,5.195,5.195,6.079,1,4,Other,I have read this text carefully,HR technology,No,NA,4,high
5,251,TRUE,2022-11-04T14:13:56Z,R_3qZLTeawMS9mVuc,yes,5,1440x900,7.395,8.859,169.018,2,3.995,9.771,10.691,4,2,3,5,4,2.281,2.281,3.517,1,29,8.526,10.937,12.582,2,3,Other,I have read this text carefully,HR technology,No,NA,5,low
6,321,TRUE,2022-11-04T14:16:26Z,R_3CUG4dwf5g5nrBu,yes,6,375x667,2.609,14.59,222.921,3,4.372,16.669,17.385,11,1,3,3,6,2.275,3.75,4.301,3,18,4.243,7.81,8.46,4,5,Other,I have read this text carefully,HR technology,No,NA,6,low
7,302,TRUE,2022-11-04T14:16:39Z,R_3KqI6YJx9TQDEHg,yes,7,2560x1440,11.621,11.621,215.826,1,9.296,19.76,20.919,5,1,2,2,1,3.012,3.012,3.777,1,17,7.286,7.854,9.373,2,2,Never,NA,HR technology,No,NA,7,low
8,186,TRUE,2022-11-04T14:16:45Z,R_2YrpmOl8WESBDJX,yes,8,1366x768,11.137,11.137,81.726,1,8.413,30.42,32.066,5,2,5,6,4,5.512,5.512,7.23,1,34,7.494,7.494,9.371,1,4,Once a week,NA,HR technology,No,NA,8,low
9,170,TRUE,2022-11-04T14:17:44Z,R_ZDcFaK8c0YvbbpL,yes,9,414x896,18.382,18.382,49.993,1,5.614,21.306,21.875,14,5,6,5,2,2.874,2.874,3.552,1,92,4.678,20.703,21.509,5,4,Other,I have read this text carefully,HR technology,No,NA,9,high
10,180,TRUE,2022-11-04T14:18:24Z,R_xsX5YNUtybdDNmN,yes,10,320x872,1.302,47.314,85.495,3,2.597,30.118,30.868,43,5,6,5,5,3.929,7.017,7.568,4,90,0.789,7.84,8.44,6,5,Once a week,NA,HR technology,No,NA,10,low
11,293,TRUE,2022-11-04T14:18:33Z,R_3n64Oq5CqwK2Lq4,yes,11,1440x900,13.24,13.24,197.07,1,6.146,13.862,14.72,4,4,5,5,3,3.941,3.941,5.014,1,65,9.193,9.193,10.481,1,5,Other,I have read this text carefully,HR technology,No,NA,11,low
12,309,TRUE,2022-11-04T14:20:33Z,R_3KQ3ScCQL7mjbNe,yes,12,1536x864,19.787,19.787,174.182,1,9.992,23.682,24.397,8,6,7,5,3,2.733,3.918,4.64,2,33,5.248,5.248,6.052,1,5,Other,I have read this text carefully,HR technology,No,NA,12,high
13,422,TRUE,2022-11-04T14:20:36Z,R_2YJJXgdmawlI2pN,yes,13,810x1080,26.315,26.315,278.938,1,3.946,18.712,20.386,9,6,6,7,2,4.554,4.554,5.597,1,83,13.957,13.957,15.47,1,5,Other,I have read this text carefully,HR technology,No,NA,13,high
14,225,TRUE,2022-11-04T14:20:57Z,R_1QAajHqiWFFpBA9,yes,14,2560x1440,7.033,7.033,143.966,1,2.468,10.444,11.351,7,5,6,5,4,5.234,5.234,5.862,1,78,3.595,3.595,4.623,1,5,Other,'I have read this text carefully',HR technology,No,NA,14,high
15,222,TRUE,2022-11-04T14:21:26Z,R_1mgY0GgRexS8fV0,yes,15,1280x720,26.385,26.385,160.094,1,5.03,16.665,17.869,4,3,3,3,2,3.544,3.544,4.785,1,41,4.697,4.697,5.859,1,5,Once a week,NA,HR technology,No,NA,15,low
16,204,TRUE,2022-11-04T14:21:56Z,R_1IcwzenkZzEdVxv,yes,16,1536x864,13.223,138.479,139.119,2,3.808,11.624,12.541,4,5,3,4,4,1.976,1.976,2.97,1,32,5.295,5.295,6.13,1,5,Other,'I have read this text carefully,HR technology,No,NA,16,low
17,236,TRUE,2022-11-04T14:22:22Z,R_1He58k11TotuRro,yes,17,1536x864,7.905,7.905,142.162,1,12.182,24.29,25.309,5,3,5,4,4,3.481,3.481,4.657,1,79,6.262,6.262,7.307,1,4,Other,i have read this text carefully,HR technology,No,NA,17,low
18,147,TRUE,2022-11-04T14:22:34Z,R_3KSEZpGVgmI26Ik,yes,18,1440x900,0,0,9.15,0,5.692,9.976,11.363,4,4,7,7,4,3.572,3.572,4.964,1,52,6.696,6.696,7.455,1,5,Other,I have read this text carefully,HR technology,No,NA,18,high
19,119,TRUE,2022-11-04T14:23:06Z,R_eCZGZnbpJDnuhMZ,yes,19,1280x720,3.138,3.138,52.399,1,1.468,8.926,9.702,7,2,5,7,2,2.181,2.181,3.403,1,95,6.856,6.856,7.815,1,4,Other,I have read this text carefully,HR technology,No,NA,19,high
20,208,TRUE,2022-11-04T14:23:31Z,R_2sXY9bNSMXkhYmb,yes,20,1536x864,12.587,12.587,48.572,1,15.785,41.944,43.128,7,2,4,3,3,2.656,3.76,4.576,2,41,5.677,5.677,6.572,1,4,Other,I have read this text carefully,HR technology,No,NA,20,low
21,399,TRUE,2022-11-04T14:23:36Z,R_UDyqSD7AC0gGbBL,yes,21,1396x785,26.006,26.006,293.048,1,12.586,20.422,22.042,4,3,3,5,4,4.031,4.031,5.15,1,34,6.862,6.862,7.744,1,4,Other,I have read this text carefully,HR technology,No,NA,21,low
22,83,TRUE,2022-11-04T14:23:36Z,R_2rx5A5ZlTDrdllO,yes,22,1920x1080,4.301,4.301,6.773,1,6.958,21.355,22.421,5,4,6,4,3,2.922,2.922,3.642,1,79,3.159,3.159,3.919,1,5,2-3 times a week,NA,HR technology,No,NA,22,high
23,501,TRUE,2022-11-04T14:23:37Z,R_33f0J3N8BSPWYxj,yes,23,1536x864,7.642,7.642,242.676,1,4.403,14.933,15.852,4,4,6,6,2,3.705,3.705,4.555,1,81,8.559,26.008,26.759,4,6,Other,'I have read this text carefully',HR technology,No,NA,23,high
24,674,TRUE,2022-11-04T14:23:44Z,R_2VwlRvIO8ANrJjt,yes,24,1440x900,14.8,14.8,538.514,1,10.469,26.686,27.401,9,6,7,5,4,4.957,8.929,10.13,2,78,11.361,20.24,21.796,8,6,2-3 times a week,NA,HR technology,No,NA,24,high
25,257,TRUE,2022-11-04T14:24:28Z,R_3ES7MbvbiDn4a4v,yes,25,1440x900,12.436,20.292,160.619,2,8.559,20.63,21.57,5,4,3,2,7,3.443,3.443,4.378,1,100,7.542,7.542,8.269,1,5,Other,I have read this text carefully,HR technology,No,NA,25,low
26,494,TRUE,2022-11-04T14:24:38Z,R_22AmtOsBR4dzmUG,yes,26,1536x864,14.931,14.931,329.9,1,16.516,47.306,48.779,11,5,2,4,3,5.058,5.058,6.49,1,32,12.654,12.654,15.502,1,5,Other,NA,HR technology,No,NA,26,low
27,356,TRUE,2022-11-04T14:24:44Z,R_33xv9RZnBFSpwhI,yes,27,360x760,7.685,226.681,228.99,3,4.328,21.898,22.898,16,4,6,7,5,4.366,5.684,7.004,2,74,14.504,15.622,17.275,2,3,Other,I have read this text carefully,HR technology,No,NA,27,high
28,344,TRUE,2022-11-04T14:24:52Z,R_9TOTaKDkK2kzzDr,yes,28,1807x1016,13.236,13.236,208.282,1,4.88,23.063,25.201,4,4,2,4,7,4.076,4.076,6.4,1,11,15.75,15.75,25.387,1,4,Other,I have read this text carefully,HR technology,No,NA,28,high
29,139,TRUE,2022-11-04T14:24:55Z,R_d0bFqGC8adIf1dL,yes,29,320x693,3.491,5.764,59.612,2,2.092,15.665,16.794,13,1,2,4,2,1.645,4.169,4.809,3,0,5.154,5.507,6.129,2,4,Other,I have read this text carefully,HR technology,No,NA,29,low
30,496,TRUE,2022-11-04T14:25:43Z,R_xhllyKrjdiSNO9P,yes,30,390x844,42.443,42.443,338.522,1,5.989,15.559,16.265,12,4,7,7,3,3.501,3.501,4.038,1,100,4.293,6.745,7.165,4,6,Other,I have read this text carefully,HR technology,No,NA,30,high
31,291,TRUE,2022-11-04T14:25:55Z,R_2uKyvjn0aEzakWZ,yes,31,768x1024,11.059,11.059,162.091,1,4.294,12.119,12.967,5,4,4,5,4,3.994,3.994,5.436,1,41,4.661,4.661,5.854,1,5,Other,NA,HR technology,No,NA,31,high
32,322,TRUE,2022-11-04T14:26:18Z,R_2ARoNa2rsW5xWhg,yes,32,390x844,9.706,237.235,239.548,2,3.085,12.628,13.391,9,6,6,7,2,9.821,9.821,10.325,1,90,2.17,8.374,9.215,3,5,Other,I have read this text carefully.,HR technology,No,NA,32,high
33,233,TRUE,2022-11-04T14:26:26Z,R_2RQk3nKKM3hRsUP,yes,33,360x771,11.801,127.47,131.204,2,2.892,24.148,24.764,12,3,4,4,4,4.502,4.502,5.383,1,24,2.009,10.548,10.959,3,3,Other,I have read this text carefully,HR technology,No,NA,33,low
34,244,TRUE,2022-11-04T14:26:32Z,R_cZ2bTsNsULjORwJ,yes,34,1366x768,6.022,6.022,145.853,1,3.198,13.778,14.917,6,7,7,7,1,3.271,3.271,4.557,1,100,8.088,8.088,9.253,1,7,Other,I have read this text carefully,HR technology,No,NA,34,high
35,80,TRUE,2022-11-04T14:26:33Z,R_1OvG14pzMTwUoaA,yes,35,1280x800,0,0,10.485,0,4.522,7.474,8.933,5,1,1,1,1,2.575,2.575,4.069,1,10,4.612,4.612,5.424,1,1,Other,I have read this text carefully,Sports analytics,No,NA,35,high
36,210,TRUE,2022-11-04T14:26:38Z,R_2ciquyElKWoupoY,yes,36,1536x864,4.872,4.872,97.47,1,3.488,12.061,13.744,5,2,3,3,5,3.33,3.33,4.494,1,18,5.682,5.682,6.648,1,3,Other,I have read this text carefully,HR technology,Yes,I work in consulting company,36,low
37,494,TRUE,2022-11-04T14:26:44Z,R_2AKmTW5fcDaUhVt,yes,37,360x800,25.13,361.573,363.326,4,6.902,19.253,20.202,11,2,3,5,5,2.782,2.782,3.401,1,30,10.701,11.406,12.3,2,3,Other,I have read this text carefully,HR technology,No,NA,37,high
38,196,TRUE,2022-11-04T14:27:07Z,R_Xvb4bzBxVzxde5b,yes,38,1920x1080,75.969,85.417,85.774,2,1.806,22.672,23.304,8,7,7,6,3,1.667,3.02,3.746,2,78,16.23,16.23,16.995,1,5,Other,I have read this text carefully,HR technology,No,NA,38,high
39,143,TRUE,2022-11-04T14:27:16Z,R_2EfY8xIyMbyh8uj,yes,39,1920x1080,8.038,8.038,79.176,1,3.081,8.944,9.99,4,5,6,6,5,2.265,2.265,2.861,1,73,3.676,3.676,4.386,1,5,Other,I have read this text carefully,HR technology,No,NA,39,high
40,104,TRUE,2022-11-04T14:27:27Z,R_PZn1TKtW357GpMZ,yes,40,384x854,8.745,13.741,51.842,4,0.967,18.673,19.247,19,2,5,4,5,2.192,2.192,2.705,1,54,5.016,5.016,5.445,1,4,4-6 times a week,NA,HR technology,No,NA,40,low
41,428,TRUE,2022-11-04T14:27:28Z,R_30ja4PbT92JMKRn,yes,41,1920x1080,15.426,15.426,30.309,1,3.722,129.209,131.078,5,5,6,7,3,5.561,5.561,6.782,1,98,51.801,74.924,76.664,4,6,Once a week,NA,HR technology,No,NA,41,high
42,257,TRUE,2022-11-04T14:27:30Z,R_3ssjMUoVxxh2SM2,yes,42,1536x864,5.719,5.719,158.947,1,2.4,10.188,11.103,4,5,6,7,3,1.831,2.902,5.349,3,72,8.245,8.245,11.36,1,5,Other,I have read this text carefully,HR technology,No,NA,42,high
43,394,TRUE,2022-11-04T14:27:31Z,R_yDsqcUT0ntUIpEJ,yes,43,414x896,9.168,258.687,259.642,3,4.823,17.274,19.551,5,2,2,2,1,3.809,6.591,7.541,2,39,9.059,11.865,12.917,3,4,Other,I have read this text carefully,HR technology,No,NA,43,low
44,106,TRUE,2022-11-04T14:27:38Z,R_1NrWyawA4U2G6Uu,yes,44,1366x768,0,0,0.831,0,9.03,15.245,16.161,4,3,5,5,1,4.729,4.729,5.334,1,73,5.617,6.669,6.9,2,5,Other,I have read this text carefully,Public safety,No,NA,44,high
45,310,TRUE,2022-11-04T14:27:39Z,R_RRkG9Ps23pTvmxj,yes,45,1920x1080,6.839,6.839,112.218,1,38.791,53.15,54.397,5,5,7,7,3,2.834,2.834,3.408,1,100,29.124,29.124,29.764,1,6,Other,I have read this text carefully,HR technology,No,NA,45,high
46,219,TRUE,2022-11-04T14:27:40Z,R_1BRea2YZpNWNQ7y,yes,46,390x844,5.918,6.735,152.673,2,2.965,19.961,20.874,11,5,5,4,2,4.85,4.85,5.438,1,53,6.236,7.023,9,2,5,Never,NA,HR technology,No,NA,46,low
47,107,TRUE,2022-11-04T14:27:50Z,R_3rHf7VQCIWsGewA,yes,47,414x896,14.183,14.858,19.083,2,2.49,25.116,25.725,18,6,5,7,6,3.217,3.217,4.007,1,27,12.76,13.799,14.389,2,7,Once a week,NA,Sports analytics,No,NA,47,high
48,302,TRUE,2022-11-04T14:27:59Z,R_1i2SVRscbXft1Qv,yes,48,1920x1080,10.552,10.552,176.193,1,2.057,16.451,17.958,6,3,5,5,4,3.429,3.429,4.202,1,66,9.489,9.489,10.284,1,5,Other,I have read this text carefully,HR technology,No,NA,48,low
49,125,TRUE,2022-11-04T14:28:12Z,R_3CBMQcJ2SnwLDvm,yes,49,1440x900,4.882,4.882,48.954,1,3.105,8.555,9.496,4,3,5,4,4,2.79,6.14,6.965,3,90,6.826,7.628,14.384,2,4,Once a week,NA,HR technology,No,NA,49,low
50,213,TRUE,2022-11-04T14:28:21Z,R_240pBr4Y12wYHB6,yes,50,414x896,14.155,14.155,100.849,1,4.999,23.599,24.17,12,2,4,4,6,4.033,5.875,6.755,2,11,8.291,8.824,10.1,2,4,Other,I have read this text carefully,HR technology,No,NA,50,low
51,206,TRUE,2022-11-04T14:28:23Z,R_3fq6hyhzW26kEWE,yes,51,1920x1080,14.444,14.444,50.776,1,12.321,55.749,56.446,6,3,6,3,2,5.012,5.012,5.766,1,71,45.771,47.703,48.399,3,5,Once a week,NA,HR technology,No,NA,51,low
52,294,TRUE,2022-11-04T14:29:02Z,R_33jq84QAMleoxw4,yes,52,1280x720,12.407,12.407,206.213,1,3.805,12.882,13.543,4,6,7,7,5,3.679,3.679,4.387,1,92,4.297,4.297,5.15,1,6,Other,'I have read this text carefully,HR technology,No,NA,52,high
53,587,TRUE,2022-11-04T14:29:20Z,R_1GNtSLVgM1POoCv,yes,53,1280x800,11.591,11.591,433.611,1,7.066,30.714,32.122,4,3,4,6,4,6.579,6.579,11.248,1,64,12.285,12.285,13.38,1,5,Other,I have read this text carefully,HR technology,No,NA,53,high
54,160,TRUE,2022-11-04T14:29:20Z,R_3pneBcfWcejuXft,yes,54,1280x720,7.067,7.067,106.89,1,1.601,7.642,8.718,4,1,1,1,3,2.767,2.767,3.963,1,1,3.293,3.293,4.246,1,4,Other,I have read this text carefully,HR technology,No,NA,54,low
55,541,TRUE,2022-11-04T14:29:26Z,R_3hokyuywPXYNWcu,yes,55,1360x768,51.348,51.348,371.442,1,16.96,30.041,30.88,4,2,2,3,3,6.748,6.748,8.129,1,62,14.875,14.875,16.547,1,3,Other,I have read this text carefully,HR technology,No,NA,55,low
56,172,TRUE,2022-11-04T14:29:38Z,R_2wgc7zVbjYlbZaQ,yes,56,1920x1080,2.134,7.051,69.098,9,26.651,30.906,31.335,4,7,6,7,5,1.617,1.617,2.021,1,100,4.359,4.359,4.945,1,6,Other,I have read this text carefully,HR technology,No,NA,56,high
57,172,TRUE,2022-11-04T14:29:38Z,R_3GdYrboRcojXaYe,yes,57,1366x768,8.655,8.655,95.071,1,10.238,17.414,18.392,4,5,6,7,2,3.77,3.77,4.816,1,100,6.588,6.588,7.498,1,7,Other,I have ready this text carefully,HR technology,No,NA,57,high
58,265,TRUE,2022-11-04T14:29:42Z,R_3p5AAORLBIIc3n6,yes,58,1920x1080,16.596,16.596,173.371,1,5.747,14.003,14.583,5,2,2,2,5,2.877,2.877,3.599,1,9,6.05,6.05,6.733,1,5,Other,I have read this text carefully,HR technology,No,NA,58,low
59,286,TRUE,2022-11-04T14:29:44Z,R_10DEq4zzLtMBUXu,yes,59,1920x1080,6.03,6.03,128.687,1,3.052,12.598,13.978,5,2,3,2,4,7.209,7.209,8.24,1,35,6.666,6.666,7.682,1,4,Other,I have read this text carefully,HR technology,No,NA,59,low
60,415,TRUE,2022-11-04T14:29:53Z,R_1ifflYPFzSvQEgJ,yes,60,1366x768,12.142,12.142,264.616,1,9.821,26.437,27.645,4,4,5,5,3,7.894,7.894,9.385,1,69,18.15,18.15,19.401,1,6,Other,I have read this text carefully,HR technology,No,NA,60,high
61,491,TRUE,2022-11-04T14:29:59Z,R_2tlOMm0huM9ooCy,yes,61,768x1024,20.814,20.814,339.651,1,8.644,25.44,31.461,6,6,6,5,5,6.512,6.512,7.362,1,76,10.87,10.87,11.931,1,5,Other,I have read this text carefully,HR technology,No,NA,61,low
62,728,TRUE,2022-11-04T14:30:12Z,R_25RvOXaQpigMOrn,yes,62,375x812,22.773,22.773,521.479,1,7.78,35.369,36.513,9,2,2,2,4,4.423,4.423,6.759,1,8,8.473,8.99,11.379,2,4,Other,I have read this text carefully,HR technology,No,NA,62,low
63,106,TRUE,2022-11-04T14:30:16Z,R_3HNgKHVlzZeRy9F,yes,63,2560x1440,0,0,4.407,0,23.35,29.228,29.814,4,5,6,5,5,4.941,4.941,5.464,1,72,5.048,5.048,5.554,1,5,Once a week,NA,Medical innovation,No,NA,63,high
64,107,TRUE,2022-11-04T14:30:17Z,R_2fuDNVvWtZI1cxo,yes,64,1920x1080,0,0,12.581,0,5.51,12.449,13.218,4,7,7,5,3,3.08,3.08,4.055,1,64,7.613,7.613,8.169,1,7,Other,I have read this text carefully,Medical innovation,No,NA,64,high
65,428,TRUE,2022-11-04T14:31:11Z,R_27puCFWzxHgMiqG,yes,65,1920x1080,10.331,278.671,280.265,2,4.479,26.013,28.815,8,2,5,5,4,6.362,6.362,7.271,1,18,12.32,12.32,13.597,1,5,Other,I have read this text carefully,HR technology,No,NA,65,low
66,507,TRUE,2022-11-04T14:31:17Z,R_stF0bK3BDordVkZ,yes,66,390x844,5.098,5.098,113.353,1,1.67,13.207,13.637,15,5,6,7,6,3.144,3.728,4.116,2,70,9.941,23.48,24.022,6,3,Once a week,NA,HR technology,No,NA,66,high
67,152,TRUE,2022-11-04T14:31:21Z,R_3FJNBB4Iodlsbto,yes,67,1366x768,8.472,8.472,60.585,1,5.569,17.038,18.156,6,4,5,5,3,4.288,4.288,5.483,1,72,7.591,7.591,8.855,1,5,Every day,NA,HR technology,No,NA,67,high
68,264,TRUE,2022-11-04T14:31:21Z,R_3Pou9WqamoMKM3J,yes,68,360x760,7.003,161.252,161.711,4,8.147,18.93,20.369,11,5,6,6,2,3.54,3.54,4.202,1,39,6.834,7.761,8.232,3,6,Other,I have read this text carefully,HR technology,No,NA,68,low
69,166,TRUE,2022-11-04T14:31:29Z,R_3kcdYMQg1aRi4Cm,yes,69,1536x864,11.754,11.754,43.191,1,9.969,14.33,15.551,4,7,7,7,7,4.615,4.615,5.878,1,76,4.59,4.59,5.779,1,6,Other,I have read this text carefully,HR technology,No,NA,69,low
70,444,TRUE,2022-11-04T14:31:45Z,R_RWaReEtXuUnVL0t,yes,70,2560x1440,305.917,305.917,306.456,1,9.089,27.377,28.25,5,2,3,7,4,3.421,4.921,5.709,2,10,13.799,13.799,14.453,1,2,Other,I have read this text carefully,HR technology,No,NA,70,low
71,391,TRUE,2022-11-04T14:32:19Z,R_ehOYTuMJpygiuxr,yes,71,360x800,13.591,13.591,243.516,1,5.4,31.78,32.691,21,6,6,6,3,8.296,8.296,8.808,1,59,12.797,15.162,16.353,2,3,Other,I have read this text carefully,HR technology,No,NA,71,high
72,286,TRUE,2022-11-04T14:32:21Z,R_3KMGZPGB2Tkuhnv,yes,72,1920x1200,6.744,6.744,153.528,1,6.172,15.958,16.796,5,2,5,4,3,3.51,3.51,4.335,1,67,45.659,45.659,46.695,1,3,Other,I have read this text carefully,HR technology,No,NA,72,low
73,116,TRUE,2022-11-04T14:32:30Z,R_2q1O92SFkJXTn7A,yes,73,1920x1080,2.053,2.053,66.602,1,2.84,7.857,8.817,4,5,3,3,5,2.492,2.492,3.347,1,54,3.483,4.251,4.92,2,3,Other,I have read this text carefully,HR technology,No,NA,73,low
74,79,TRUE,2022-11-04T14:32:34Z,R_2CPzNMNOwgBWKVk,yes,74,360x800,0.374,0.374,1.392,1,0.518,8.679,9.07,13,5,4,4,5,3.2,3.2,3.662,1,71,3.135,3.903,4.307,3,6,Other,I have read this text carefully,Sports analytics,No,NA,74,low
75,245,TRUE,2022-11-04T14:32:46Z,R_1nUveo2uzspxHcp,yes,75,1280x800,0,0,17.207,0,21.908,28.919,30.304,7,5,5,4,4,4.518,4.518,5.592,1,92,9.183,9.183,10.179,1,5,Other,I have read this text carefully,Sports analytics,No,NA,75,low
76,360,TRUE,2022-11-04T14:32:47Z,R_2wjKtbYGcjHMRq9,yes,76,820x1180,6.412,192.89,196.646,5,17.973,43.886,44.648,8,3,3,1,4,1.898,2.814,3.514,2,39,6.085,6.085,6.73,1,4,Other,I have read this text carefully.,HR technology,Yes,Some aspects are very familiar.,76,low
77,104,TRUE,2022-11-04T14:32:50Z,R_2zIqKigDpQpQhk8,yes,77,1280x1024,2.445,10.054,23.042,3,1.914,19.05,19.911,5,5,7,5,3,3.714,3.714,4.422,1,87,5.403,6.756,7.544,2,5,4-6 times a week,NA,HR technology,No,NA,77,high
78,257,TRUE,2022-11-04T14:32:56Z,R_uljQxeBwl76ShtD,yes,78,820x1180,36.06,36.06,163.53,1,3.39,13.228,13.914,9,3,4,7,5,3.524,4.412,5.309,2,59,9.605,9.605,10.266,1,5,Other,I have read this text carefully,HR technology,No,NA,78,low
79,236,TRUE,2022-11-04T14:32:58Z,R_wWNh2NpDvZd7XCF,yes,79,1602x784,11.157,13.973,133.752,2,4.701,18.383,19.041,7,3,4,6,5,5.195,5.195,6.011,1,32,5.728,6.117,7.055,2,5,Other,I have read this text carefully,HR technology,No,NA,79,high
80,69,TRUE,2022-11-04T14:33:02Z,R_3rUpUHsHb79Ki6g,yes,80,390x844,0.693,0.693,1.702,1,7.396,16.192,17.183,15,5,4,5,4,3.813,4.899,5.722,2,30,3.896,5.734,7.646,4,5,Never,NA,Public safety,No,NA,80,high
81,277,TRUE,2022-11-04T14:33:10Z,R_2chnfwRp8sTpoWU,yes,81,1366x768,8.567,8.567,107.763,1,9.679,25.783,27.457,5,5,3,4,5,7.429,7.429,8.553,1,30,17.642,17.642,18.47,1,6,Other,I have read this text carefully,HR technology,No,NA,81,low
82,320,TRUE,2022-11-04T14:33:13Z,R_1g0fAuJWiRhZ39H,yes,82,1280x720,10.58,10.58,215.507,1,4.019,20.851,21.931,7,2,2,3,6,3.263,3.263,5.892,1,25,7.247,7.247,8.413,1,4,Other,I have read this text carefully,HR technology,No,NA,82,low
83,251,TRUE,2022-11-04T14:33:21Z,R_CZAiV7TtHGmz7pf,yes,83,1920x1080,12.283,12.283,146.585,1,3.593,11.929,12.976,4,7,5,5,6,2.314,4.023,6.244,2,11,4.358,4.358,5.504,1,5,Other,I have read this text carefully,HR technology,No,NA,83,low
84,70,TRUE,2022-11-04T14:33:31Z,R_zUMiRk6RCbeRT3j,yes,84,1536x864,0,0,1.056,0,2.106,9.484,10.192,5,3,5,5,2,1.194,2.025,3.096,3,70,2.189,2.189,3.163,1,4,Other,I have read this text carefully,HR technology,No,NA,84,low
85,187,TRUE,2022-11-04T14:33:38Z,R_2ZKdwaYIHKYyBLy,yes,85,1920x1080,1.504,1.504,3.69,1,53.299,133.332,134.568,4,5,5,5,5,1.805,2.421,3.063,3,93,3.142,3.142,3.848,1,5,Other,I have read this text carefully,HR technology,No,NA,85,high
86,816,TRUE,2022-11-04T14:33:41Z,R_3nkK4q5BDvQCDA4,yes,86,1440x900,18.985,18.985,323.082,1,12.657,26.124,27.747,4,2,2,3,2,9.406,9.406,11.113,1,74,19.18,22.464,23.721,2,5,Other,I have read this text carefully,HR technology,No,NA,86,low
87,390,TRUE,2022-11-04T14:33:42Z,R_8AJHjE3owMQaDRv,yes,87,1440x900,16.514,16.514,94.954,1,5.043,12.235,13.186,4,2,3,1,4,3.826,3.826,4.772,1,38,7.435,7.435,8.248,1,2,Other,I have read this text carefully,HR technology,No,NA,87,low
88,549,TRUE,2022-11-04T14:33:48Z,R_TixPIC5g8KMQKtz,yes,88,375x667,3.542,15.591,348.792,2,3.303,31.986,33.101,18,5,7,5,5,3.625,15.049,16.225,8,51,5.742,7.61,8.69,3,5,Other,I have read this text carefully,HR technology,No,NA,88,high
89,392,TRUE,2022-11-04T14:33:52Z,R_2vifJEke193YIYV,yes,89,393x851,6.493,6.493,280.063,1,5.769,32.207,32.731,22,3,5,5,5,3.041,4.706,5.289,2,50,19.648,19.931,20.481,2,6,Other,I have read this text carefully,HR technology,No,NA,89,low
90,197,TRUE,2022-11-04T14:34:02Z,R_wTbTMxU65kW7DA5,yes,90,1366x768,5.135,5.135,59.14,1,9.802,28.439,29.497,9,4,5,5,5,20.647,20.647,22.535,1,38,9.077,9.077,10.245,1,5,Once a week,NA,HR technology,No,NA,90,high
91,115,TRUE,2022-11-04T14:34:20Z,R_2RRjfsJBSCydlfs,yes,91,375x812,0.479,26.663,59.246,3,2.606,11.701,12.312,11,6,6,5,3,1.09,1.09,1.502,1,65,2.892,3.691,4.313,3,5,Other,I have read this text carefully,HR technology,No,NA,91,high
92,165,TRUE,2022-11-04T14:34:34Z,R_1r7ej8ReREDo6eO,yes,92,375x667,4.89,94.656,97.057,4,1.065,14.633,15.66,13,5,5,4,3,2.503,2.503,3.187,1,52,3.899,7.215,8.106,3,5,Every day,NA,HR technology,No,NA,92,high
93,119,TRUE,2022-11-04T14:34:42Z,R_3xZoPlvU5phCPnz,yes,93,1920x1080,3.824,3.824,12.687,1,54.113,60.586,62.206,4,5,6,6,3,3.854,3.854,5.771,1,61,4.885,4.885,5.786,1,5,Other,I have read this text carefully,HR technology,No,NA,93,high
94,61,TRUE,2022-11-04T14:34:53Z,R_1iaoH1u8gPmq5GK,yes,94,360x800,0.304,2.173,2.774,4,2.097,13.867,14.439,14,3,4,5,4,4.289,7.61,8.654,5,50,6.286,7.536,8.165,3,5,Once a week,NA,HR technology,No,NA,94,high
95,253,TRUE,2022-11-04T14:34:55Z,R_22zYoOl2rZHzKet,yes,95,1366x768,21.882,21.882,129.441,1,2.649,37.969,39.266,10,2,5,4,3,3.09,3.09,3.92,1,67,4.83,4.83,5.701,1,5,Other,I have read this text carefully,HR technology,No,NA,95,low
96,239,TRUE,2022-11-04T14:35:07Z,R_1gIvxbte8g0VR2m,yes,96,1366x768,12.453,12.453,147.621,1,8.27,26.705,27.825,9,4,7,7,3,4.978,4.978,6.036,1,62,7.124,7.124,8.016,1,6,Other,I have read this text carefully,HR technology,No,NA,96,low
97,236,TRUE,2022-11-04T14:35:11Z,R_W9whX7wRAKc9nAR,yes,97,1440x900,11.586,11.586,76.461,1,7.775,28.46,31.133,4,5,5,5,6,7.322,10.868,12.212,2,33,73.002,73.002,74.164,1,3,Once a week,NA,HR technology,No,NA,97,high
98,165,TRUE,2022-11-04T14:35:14Z,R_3MEvW85D0RyBkDt,yes,98,1920x1080,2.115,2.115,4.441,1,2.486,92.319,93.268,7,6,6,7,2,2.808,2.808,23.231,1,84,8.835,8.835,10.017,1,5,Once a week,NA,HR technology,No,NA,98,high
99,276,TRUE,2022-11-04T14:35:14Z,R_1n2UjDBrR9fAwMM,yes,99,1920x1080,9.049,9.049,134.484,1,5.558,13.503,14.459,5,5,6,5,3,29.927,32.417,33.074,2,87,10.71,10.71,11.93,1,5,Other,I have read this text carefully,HR technology,No,NA,99,high
100,41,TRUE,2022-11-04T14:35:26Z,R_1N9SNm4KmERhjPb,yes,100,1440x900,1.155,3.389,3.711,4,0.575,3.008,3.797,5,5,3,5,4,0.836,1.334,1.643,2,60,0.285,0.757,1.024,2,4,Other,I have read this text carefully' below.,Public safety,No,NA,100,low
101,174,TRUE,2022-11-04T14:35:40Z,R_1jZLk9iC3s4Plh2,yes,101,1920x1080,11.222,21.027,21.254,2,1.59,5.187,6.248,4,7,5,6,3,2.038,2.038,2.84,1,87,1.088,1.088,1.987,1,7,Other,I have read this text carefully,HR technology,No,NA,101,low
102,207,TRUE,2022-11-04T14:36:02Z,R_xt1fIEDHhHPQrlf,yes,102,1280x800,9.025,9.025,115.94,1,3.063,9.143,9.761,4,4,5,5,3,2.72,2.72,3.143,1,100,5.084,5.084,5.722,1,5,Other,I have read this text carefully,HR technology,No,NA,102,low
103,261,TRUE,2022-11-04T14:36:04Z,R_3Uh6YW640DqQ9Gh,yes,103,360x800,3.85,3.85,186.501,1,3.493,13.679,14.733,8,6,5,5,3,1.799,1.799,2.377,1,75,7.103,8.323,8.754,2,6,Other,I have read this text carefully,HR technology,No,NA,103,high
104,40,TRUE,2022-11-04T14:36:06Z,R_3PcqfRMuvyIfzwn,yes,104,1920x1080,0,0,3.2,0,1.179,2.923,3.473,4,3,4,3,3,0.925,0.925,1.507,1,53,0.311,0.879,1.189,2,3,Once a week,NA,HR technology,No,NA,104,high
105,125,TRUE,2022-11-04T14:36:08Z,R_1OqLgQ9hBOpegqf,yes,105,1536x864,5.183,5.183,19.578,1,9.634,35.073,35.819,7,2,5,4,4,2.644,3.205,3.736,2,83,13.001,13.001,13.661,1,5,4-6 times a week,NA,HR technology,No,NA,105,low
106,143,TRUE,2022-11-04T14:36:08Z,R_2zBWBv6CD5P4JyY,yes,106,1536x864,9.793,9.793,55.933,1,2.017,25.676,27.117,6,3,7,2,1,3.254,3.254,4.207,1,81,5.111,5.111,7.369,1,6,Other,I have read this text carefully,HR technology,No,NA,106,low
107,137,TRUE,2022-11-04T14:36:13Z,R_305EFhi4WFgAILr,yes,107,360x800,12.657,12.657,83.912,1,1.75,8.696,9.229,11,6,3,5,5,1.674,1.674,2.138,1,30,3.042,3.337,3.873,2,4,Other,I have read this text carefully,HR technology,No,NA,107,low
108,539,TRUE,2022-11-04T14:36:17Z,R_snC5rwSNBhZOUYV,yes,108,1715x965,14.454,14.454,361.647,1,7.582,31.903,35.334,4,5,6,7,6,12.598,12.598,13.957,1,31,12.956,12.956,14.84,1,5,Other,I have read this text carefully.,HR technology,No,NA,108,high
109,113,TRUE,2022-11-04T14:36:26Z,R_10r4eHgypbqQnu6,yes,109,1440x900,8.158,8.158,20.995,1,7.028,15.844,17.415,5,7,7,7,4,11.344,11.344,11.997,1,91,3.739,3.739,5.142,1,6,Other,2 times a month,HR technology,No,NA,109,high
110,223,TRUE,2022-11-04T14:36:27Z,R_vZabMuSoSc39SjD,yes,110,1920x1080,7.902,14.379,20.681,2,104.943,111.271,113.431,5,6,6,6,4,3.014,3.014,3.801,1,79,6.179,6.179,9.218,1,5,Other,I have read this text carefully,HR technology,No,NA,110,high
111,713,TRUE,2022-11-04T14:36:28Z,R_CaxDletnANfACUF,yes,111,1920x1080,18.591,18.591,249.829,1,178.847,231.768,233.102,4,4,5,4,5,4.873,4.873,5.801,1,25,146.475,146.475,147.401,1,4,Other,i have read this text carefully,HR technology,No,NA,111,high
112,292,TRUE,2022-11-04T14:36:40Z,R_Rk6FyFMC3g1ddAJ,yes,112,1676x943,58.514,58.514,207.505,1,3.924,8.675,9.401,4,5,5,5,5,6.478,6.478,7.13,1,38,5.453,6.499,7.419,3,4,Other,I have read this text carefully,HR technology,No,NA,112,high
113,490,TRUE,2022-11-04T14:36:41Z,R_9GrJyO08onwCn4Z,yes,113,1920x1080,9.104,9.104,69.652,1,7.787,30.436,33.189,4,5,6,5,3,8.978,8.978,11.149,1,38,5.509,5.509,6.976,1,5,Other,I have read this text carefully,HR technology,No,NA,113,high
114,357,TRUE,2022-11-04T14:36:55Z,R_2OHEXdt9EG9GZo0,yes,114,1280x720,32.739,32.739,38.773,1,10.817,20.881,22.198,4,6,6,7,3,3.389,3.389,4.007,1,78,67.024,68.713,68.974,4,7,Once a week,NA,HR technology,No,NA,114,high
115,353,TRUE,2022-11-04T14:36:56Z,R_1q9ck3USmLneLnb,yes,115,1536x864,17.683,17.683,238.718,1,3.801,13.23,14.204,4,1,2,4,2,3.188,4.886,5.776,2,61,6.535,9.588,10.791,3,4,Other,I have read this text carefully,HR technology,No,NA,115,low
116,93,TRUE,2022-11-04T14:37:13Z,R_zZ0J3XRFEgA9cR3,yes,116,960x540,0,0,1.769,0,7.001,18.414,21.439,4,5,6,5,6,4.954,7.101,9.701,2,42,9.301,9.301,11.338,1,6,Never,NA,HR technology,No,NA,116,low
117,362,TRUE,2022-11-04T14:37:18Z,R_1Fh4tbBN8N29dxI,yes,117,1280x800,0,0,142.473,0,6.63,34.502,36.711,16,4,4,5,3,2.819,2.819,4.627,1,44,9.379,100.441,101.069,2,5,Other,I have read this text carefully,HR technology,No,NA,117,low
118,231,TRUE,2022-11-04T14:37:19Z,R_sFQi0ThKrKnEpwJ,yes,118,1536x864,9.659,9.659,151.446,1,2.999,9.638,10.657,5,2,5,6,5,2.488,3.277,4.146,2,35,11.726,12.764,13.758,2,6,Other,I have read this text carefully,HR technology,No,NA,118,low
119,317,TRUE,2022-11-04T14:37:38Z,R_3nc68yH48gX4vcC,yes,119,1587x893,14.391,14.391,229.439,1,7.67,23.192,24.551,4,3,2,4,6,4.723,4.723,6.968,1,12,7.419,7.419,8.619,1,4,Once a week,NA,HR technology,No,NA,119,low
120,498,TRUE,2022-11-04T14:37:38Z,R_BFALN8m0RI30aPf,yes,120,1440x900,35.414,35.414,271.459,1,5.521,17.379,23.106,4,5,6,6,2,3.619,3.619,80.659,1,70,9.35,9.35,10.53,1,6,Other,I have read this text carefully,HR technology,No,NA,120,low
121,251,TRUE,2022-11-04T14:37:44Z,R_31jb1EbgrFE0Uyo,yes,121,1920x1080,9.695,9.695,150.003,1,3.768,12.384,13.116,4,3,6,4,3,3.613,3.613,4.386,1,73,5.185,5.185,5.996,1,5,2-3 times a week,NA,HR technology,No,NA,121,low
122,506,TRUE,2022-11-04T14:37:48Z,R_30jIyowdwk0lp5g,yes,122,1920x1080,4.299,5.418,321.361,2,9.803,31.051,32.202,5,2,6,5,2,8.655,10.218,10.997,2,35,9.683,9.683,10.515,1,5,Other,I have read this text carefully,HR technology,No,NA,122,low
123,572,TRUE,2022-11-04T14:38:12Z,R_1f1PDyur0HUmLt5,yes,123,1920x1080,1.427,1.427,84.486,1,4.559,169.821,170.411,5,3,5,7,2,2.475,2.475,3.338,1,91,134.658,134.658,135.458,1,4,Other,I have read this text carefully,HR technology,No,NA,123,high
124,248,TRUE,2022-11-04T14:38:33Z,R_piQjm7upRSQGAoN,yes,124,834x1112,7.855,7.855,165.446,1,1.796,9.329,10.158,5,6,6,6,5,35.265,35.265,36.157,1,68,7.042,7.042,8.15,1,6,Every day,NA,HR technology,No,NA,124,high
125,461,TRUE,2022-11-04T14:38:50Z,R_1FE2rnqo4sOMpJj,yes,125,1366x768,0,0,2.892,0,6.126,34.026,35.127,4,5,5,4,6,2.681,2.681,3.732,1,64,20.114,20.114,21.375,1,5,Every day,NA,Medical innovation,No,NA,125,low
126,583,TRUE,2022-11-04T14:38:59Z,R_ODmDnd99dr8Zu8x,yes,126,1164x655,23.743,23.743,328.489,1,10.996,23.4,25.026,4,5,4,6,5,7.433,7.433,8.931,1,75,12.492,12.492,13.763,1,6,Other,I have read this text carefully,HR technology,No,NA,126,high
127,1199,TRUE,2022-11-04T14:39:05Z,R_8iaQxBG4sIYAf4J,yes,127,1920x1080,37.775,39.057,357.436,3,4.551,16.628,36.868,12,3,5,3,3,0.911,3.063,3.427,7,67,0.973,10.125,10.44,14,5,Other,I have read this text carefully,HR technology,No,NA,127,low
128,210,TRUE,2022-11-04T14:39:09Z,R_x4xFisuy3X91MVb,yes,128,1366x768,22.89,22.89,154.385,1,1.78,9.586,11.75,4,5,5,5,4,1.367,2.76,3.537,3,69,1.529,1.529,2.422,1,5,2-3 times a week,NA,HR technology,No,NA,128,low
129,204,TRUE,2022-11-04T14:39:11Z,R_3elWJcFe4wFydmz,yes,129,1600x900,13.194,13.194,123.061,1,7.214,21.755,23.041,6,5,7,4,5,5.156,5.156,6.685,1,86,9.734,10.744,11.601,2,6,4-6 times a week,NA,HR technology,No,NA,129,low
130,741,TRUE,2022-11-04T14:39:14Z,R_2YG0JGUqRj9ESkW,yes,130,1366x768,24.371,24.371,360.134,1,18.435,39.569,41.617,9,5,5,5,4,7.09,10.319,12.866,2,44,2.69,17.335,18.7,6,5,Other,I have read this text carefully,HR technology,No,NA,130,high
131,219,TRUE,2022-11-04T14:39:16Z,R_12sXV60uS1cpvfN,yes,131,390x844,25.369,104.614,106.724,2,7.742,24.857,25.85,14,2,2,5,5,3.576,3.576,4.313,1,20,5.086,5.639,6.44,2,2,Other,I have read this text carefully,HR technology,No,NA,131,high
132,247,TRUE,2022-11-04T14:39:28Z,R_3eh7oLJjqEu96d2,yes,132,1366x768,8.124,8.124,159.751,1,6.098,14.73,15.958,4,3,5,6,5,3.966,3.966,4.809,1,62,7.892,7.892,9.08,1,5,Other,I have read this text carefully,HR technology,No,NA,132,low
133,264,TRUE,2022-11-04T14:39:47Z,R_2AL9bQqy7dqlmBf,yes,133,414x736,24.235,24.235,166.863,1,4.55,17.001,18.135,12,6,7,6,3,2.942,3.724,4.515,2,91,1.551,5.338,6.36,5,6,Other,I have read this text carefully,HR technology,No,NA,133,low
134,356,TRUE,2022-11-04T14:39:50Z,R_1I4a6SRFhkqg2pV,yes,134,1366x768,12.61,12.61,233.87,1,3.418,10.862,12.089,4,2,4,3,3,2.866,4.368,5.992,2,20,4.833,4.833,5.841,1,5,Other,I have read this text carefully,HR technology,No,NA,134,low
135,329,TRUE,2022-11-04T14:39:51Z,R_1C4uW9spHu25JnX,yes,135,1440x900,17.324,17.324,155.691,1,9.7,32.545,37.287,7,6,2,7,4,3.929,5.122,8.838,2,17,11.296,11.296,19.293,1,5,Other,'I have read this text carefully' below,HR technology,No,NA,135,low
136,538,TRUE,2022-11-04T14:39:59Z,R_1CJEpDe0jwJaNGs,yes,136,1280x720,11.415,315.436,319.463,2,11.779,33.75,34.818,6,4,6,6,2,9.274,9.274,10.63,1,65,13.707,13.707,15.957,1,4,Other,I have read this text carefully,HR technology,No,NA,136,high
137,652,TRUE,2022-11-04T14:40:18Z,R_22EwaGGagY29vDD,yes,137,1440x900,13.7,13.7,363.343,1,12.368,24.472,26.821,4,1,1,3,4,5.162,5.162,7.997,1,17,37.766,37.766,41.834,1,2,Other,I have read this text carefully,HR technology,No,NA,137,low
138,111,TRUE,2022-11-04T14:40:28Z,R_2ZVyhAIWHdcg9ZY,yes,138,1366x768,0,0,2.484,0,1.846,15.805,16.878,9,3,2,4,5,4.071,4.071,5.001,1,33,4.077,4.077,5.249,1,4,Other,I have read this text carefully,HR technology,No,NA,138,high
139,490,TRUE,2022-11-04T14:40:29Z,R_26lkw0BF8bJMaSR,yes,139,390x844,12.994,12.994,336.137,1,12.046,42.179,43.235,11,4,4,3,4,7.168,7.168,7.97,1,37,10.602,14.251,15.021,2,4,Other,I have read this text carefully,HR technology,No,NA,139,low
140,716,TRUE,2022-11-04T14:40:35Z,R_262NnWeeqD2ReV5,yes,140,1920x1080,0,0,1.681,0,10.218,37.517,38.411,13,4,5,3,4,5.18,5.18,5.768,1,82,2.359,11.769,12.403,4,6,Other,J'ai lu attentivement ce texte,HR technology,No,NA,140,high
141,381,TRUE,2022-11-04T14:40:46Z,R_pKmICxHcV9KEJJD,yes,141,1920x1080,11.404,11.404,264.085,1,7.593,17.941,19.546,4,5,5,5,2,7.129,7.129,8.996,1,11,11.94,11.94,13.231,1,6,Other,I have read this text carefully,HR technology,No,NA,141,high
142,414,TRUE,2022-11-04T14:40:54Z,R_2PsVO4FCPlg2eGq,yes,142,1512x982,7.189,7.189,333.187,1,4.875,10.392,11.101,4,4,6,5,4,5.925,5.925,6.853,1,78,6.288,6.288,9.127,1,5,Other,'I have read this text carefully',HR technology,No,NA,142,high
143,371,TRUE,2022-11-04T14:41:06Z,R_wZWmoxDdy1BzEZ3,yes,143,1680x1050,11.2,11.2,288.818,1,4.739,11.268,12.01,4,4,4,4,3,3.545,3.545,4.238,1,93,10.459,11.474,12.218,2,3,Other,I have read this text carefully,HR technology,No,NA,143,high
144,655,TRUE,2022-11-04T14:41:15Z,R_3Mg7KQATbzyxUgV,yes,144,1366x768,19.531,19.531,362.362,1,8.883,28.414,29.373,6,4,5,5,5,3.663,3.663,4.639,1,80,9.771,9.771,11.163,1,6,Other,I have read this text carefully,HR technology,No,NA,144,high
145,322,TRUE,2022-11-04T14:41:19Z,R_1jdgsfweIr3pFU8,yes,145,1396x785,45.625,106.822,107.574,2,12.344,69.23,122.786,15,2,3,5,3,2.603,4.717,5.314,2,45,6.005,6.005,7.298,1,5,Other,I have read this text carefully,HR technology,No,NA,145,low
146,785,TRUE,2022-11-04T14:41:38Z,R_SCP4uoiKtGMQImt,yes,146,1920x1080,8.142,8.142,328.601,1,3.806,13.382,14.192,4,2,5,1,4,5.744,7.263,7.991,2,59,8.366,8.366,9.52,1,6,Other,I have read this text carefully,HR technology,No,NA,146,low
147,353,TRUE,2022-11-04T14:41:42Z,R_3oUgbDujGSlwKhn,yes,147,1536x864,59.46,59.46,162.688,1,16.625,68.736,69.236,11,5,4,6,4,3.808,5.968,6.458,2,92,7.815,7.815,8.535,1,5,Other,I have read this text carefully,HR technology,No,NA,147,high
148,549,TRUE,2022-11-04T14:42:42Z,R_3HHqRimHnNdExP0,yes,148,1920x1080,11.266,11.266,319.662,1,7.531,67.867,69.231,4,6,6,6,3,7.341,7.341,8.32,1,46,9.325,9.325,10.433,1,3,Other,I have read this text carefully,HR technology,No,NA,148,high
149,463,TRUE,2022-11-04T14:43:46Z,R_V4rr7UD9oKIryhP,yes,149,1920x1080,15.739,15.739,267.831,1,8.567,18.361,19.483,4,5,6,6,6,8.752,8.752,10.333,1,11,10.632,10.632,12.932,1,4,Other,I have read this text carefully,HR technology,Yes,"There was one a while ago about a startup company but I don't remember much about it. It was technology-related, I think.",149,high
150,491,TRUE,2022-11-04T14:43:50Z,R_YX25bOzbt1sKEAV,yes,150,1366x768,12.839,287.656,290.135,4,6.858,14.997,16.506,6,4,5,5,4,4.223,4.223,6.556,1,65,5.094,5.094,6.487,1,5,Other,I have read this text carefully,HR technology,No,NA,150,high
151,522,TRUE,2022-11-04T14:44:19Z,R_WqbiPyop25fMlGN,yes,151,1280x1024,16.409,16.409,382.261,1,7.021,20.444,23.796,4,2,3,5,6,3.799,3.799,5.102,1,14,18.783,18.783,19.992,1,3,Other,I have read this text carefully,HR technology,No,NA,151,high
152,684,TRUE,2022-11-04T14:44:23Z,R_VPYpHfVeoyS99TP,yes,152,1280x720,39.993,39.993,361.391,1,3.104,30.329,31.318,4,4,6,5,3,3.538,3.538,4.352,1,79,37.379,37.379,38.273,1,6,Other,I have read this text carefully,HR technology,No,NA,152,low
153,572,TRUE,2022-11-04T14:45:12Z,R_1FJ5FXNHobxlC2A,yes,153,1920x1080,37.777,37.777,242.963,1,3.052,57.244,178.857,5,4,5,6,2,10.621,12.557,23.763,2,30,16.602,20.853,22.015,3,3,Other,I have read this text carefully,HR technology,No,NA,153,low
154,687,TRUE,2022-11-04T14:45:19Z,R_ZIRHGHYr7qiivTz,yes,154,1920x1080,14.418,14.418,315.758,1,17.654,24.778,26.017,4,5,4,3,4,3.919,3.919,4.813,1,46,9.303,9.303,10.218,1,5,Other,I have read this text carefully,HR technology,No,NA,154,low
155,468,TRUE,2022-11-04T14:45:25Z,R_9NaU6jTEwh7rA1X,yes,155,1280x800,5.4,5.4,326.112,1,7.618,26.714,28.767,8,7,5,7,6,9.421,18.044,19.096,3,16,9.866,9.866,11.124,1,6,Other,I have read this text carefully,HR technology,No,NA,155,high
156,829,TRUE,2022-11-04T14:47:18Z,R_31pJv5cq8ABktT3,yes,156,1536x864,11.139,11.139,330.757,1,3.926,11.68,12.57,4,6,7,6,3,3.842,3.842,13.684,1,87,11.859,11.859,13.592,1,7,Other,I have read this text carefully,HR technology,No,NA,156,high
157,1189,TRUE,2022-11-04T14:53:07Z,R_2wsJnaxKctjd3PW,yes,157,1280x720,511.537,511.537,1040.316,1,5.432,15.487,16.371,6,5,5,6,3,3.437,3.437,4.793,1,44,14.635,14.635,15.726,1,6,Other,NA,HR technology,No,NA,157,high
158,1698,TRUE,2022-11-04T14:54:51Z,R_UtGbE2nj5CN4ZeV,yes,158,1280x720,15.913,15.913,333.256,1,9.783,19.284,20.127,4,6,6,6,5,326.933,326.933,327.912,1,61,8.385,8.385,9.287,1,5,Other,I have read this text carefully,HR technology,No,NA,158,high
159,1714,TRUE,2022-11-04T14:56:40Z,R_1IXkVzKtrBWeLyx,yes,159,1366x768,19.254,19.254,216.973,1,9.939,25.138,26.215,5,4,5,4,5,5.173,5.173,6.685,1,30,25.246,25.246,26.352,1,5,Once a week,NA,HR technology,No,NA,159,low
160,232,TRUE,2022-11-04T15:12:18Z,R_3fOiGLJnX1F1tzW,yes,160,1280x720,0,0,1.132,0,27.655,48.607,50.301,6,4,1,4,7,5.793,5.793,7.297,1,11,21.657,21.657,22.451,1,4,Other,I have read this text carefully,HR technology,No,NA,160,high
4,71,FALSE,2022-11-04T18:13:49Z,R_3EnIspiAbyFScTU,yes,4,1920x1080,NA,NA,NA,NA,NA,NA,NA,NA,NA,NA,NA,NA,NA,NA,NA,NA,NA,NA,NA,NA,NA,NA,NA,NA,NA,NA,NA,4,high
161,35,FALSE,2022-11-04T18:15:34Z,R_0Bw5NsJjSiFcMIF,yes,161,1920x1080,5.621,5.621,12.128,1,NA,NA,NA,NA,NA,NA,NA,NA,NA,NA,NA,NA,NA,NA,NA,NA,NA,NA,NA,NA,NA,NA,NA,161,low
162,24,FALSE,2022-11-04T18:20:55Z,R_3rHZqjbsxp2POKa,yes,162,1920x1200,NA,NA,NA,NA,NA,NA,NA,NA,NA,NA,NA,NA,NA,NA,NA,NA,NA,NA,NA,NA,NA,NA,NA,NA,NA,NA,NA,162,low
163,367,FALSE,2022-11-04T18:21:40Z,R_2xK2KCmsRHhRU2I,yes,163,1280x720,NA,NA,NA,NA,NA,NA,NA,NA,NA,NA,NA,NA,NA,NA,NA,NA,NA,NA,NA,NA,NA,NA,NA,NA,NA,NA,NA,163,high
18,11,FALSE,2022-11-04T18:21:56Z,R_7Pzb3F45AjOQqHf,yes,18,1440x900,NA,NA,NA,NA,NA,NA,NA,NA,NA,NA,NA,NA,NA,NA,NA,NA,NA,NA,NA,NA,NA,NA,NA,NA,NA,NA,NA,18,low
94,9,FALSE,2022-11-04T18:29:56Z,R_0NVVgDM1Pmrglix,yes,94,360x800,NA,NA,NA,NA,NA,NA,NA,NA,NA,NA,NA,NA,NA,NA,NA,NA,NA,NA,NA,NA,NA,NA,NA,NA,NA,NA,NA,94,high
150,15,FALSE,2022-11-04T18:31:05Z,R_2EAlwxW1YYZEI7w,yes,150,360x750,NA,NA,NA,NA,NA,NA,NA,NA,NA,NA,NA,NA,NA,NA,NA,NA,NA,NA,NA,NA,NA,NA,NA,NA,NA,NA,NA,150,low
116,33,FALSE,2022-11-04T18:32:01Z,R_2ZUkaZ73mC4PjZo,yes,116,960x540,NA,NA,NA,NA,NA,NA,NA,NA,NA,NA,NA,NA,NA,NA,NA,NA,NA,NA,NA,NA,NA,NA,NA,NA,NA,NA,NA,116,high
91,102,FALSE,2022-11-04T18:32:13Z,R_3s6nzucX7xb6BWR,yes,91,375x812,0.909,30.264,30.778,5,3.734,18.646,19.723,12,6,6,4,3,2.723,2.723,3.29,1,66,4.355,5.289,5.963,3,4,NA,NA,NA,NA,NA,91,high
164,40,FALSE,2022-11-04T18:32:14Z,R_1IQ8yHM5mDuN61j,yes,164,1366x768,NA,NA,NA,NA,NA,NA,NA,NA,NA,NA,NA,NA,NA,NA,NA,NA,NA,NA,NA,NA,NA,NA,NA,NA,NA,NA,NA,164,low
155,57,FALSE,2022-11-04T18:37:35Z,R_qC1L46B6PBpzlU5,yes,155,1280x800,0,0,17.33,0,NA,NA,NA,NA,NA,NA,NA,NA,NA,NA,NA,NA,NA,NA,NA,NA,NA,NA,NA,NA,NA,NA,NA,155,low
138,392,FALSE,2022-11-04T18:38:27Z,R_2fcEsOYgIsAROIe,yes,138,1366x768,51.291,51.291,204.283,1,6.96,42.022,43.167,8,2,3,5,4,5.134,5.134,6.303,1,30,9.626,53.58,54.629,2,4,NA,NA,NA,NA,NA,138,low
84,1027,FALSE,2022-11-04T18:44:58Z,R_2c7zZ9LDyrz0KWa,yes,84,1536x864,5.531,5.531,7.303,1,77.471,83.99,85.109,5,3,5,5,3,2.961,2.961,4.033,1,70,NA,NA,NA,NA,NA,NA,NA,NA,NA,NA,84,high
160,474,FALSE,2022-11-04T19:08:26Z,R_9Nc61akBoi8Z7zj,yes,160,1280x720,NA,NA,NA,NA,NA,NA,NA,NA,NA,NA,NA,NA,NA,NA,NA,NA,NA,NA,NA,NA,NA,NA,NA,NA,NA,NA,NA,160,low
165,6211,FALSE,2022-11-04T20:09:45Z,R_1JUxJPpSsmJMdoj,yes,165,1536x864,NA,NA,NA,NA,NA,NA,NA,NA,NA,NA,NA,NA,NA,NA,NA,NA,NA,NA,NA,NA,NA,NA,NA,NA,NA,NA,NA,165,high
