IPAddress,Duration (in seconds),Finished,RecordedDate,ResponseId,consent,ID,browser_info_Resolution,timer_pitch_deck_First Click,timer_pitch_deck_Last Click,timer_pitch_deck_Page Submit,timer_pitch_deck_Click Count,timer_mc_quality_First Click,timer_mc_quality_Last Click,timer_mc_quality_Page Submit,timer_mc_quality_Click Count,intell_prop,hum_cap,commerc,legitim,quality,timer_mc_potential_First Click,timer_mc_potential_Last Click,timer_mc_potential_Page Submit,timer_mc_potential_Click Count,fluency _1,timer_mc_flu_First Click,timer_mc_flu_Last Click,timer_mc_flu_Page Submit,timer_mc_flu_Click Count,attention_check,attention_check_99_TEXT,comprehension_check,similar_study,similar_study_1_TEXT,PROLIFIC_PID,quality_condition,device
1,347,TRUE,2022-11-12T14:06:41Z,R_2ylIWhbEbRxXPNg,yes,1,1920x1200,8.356,8.356,167.382,1,28.55,97.646,98.454,4,1,5,6,4,4,16.086,16.086,16.849,1,17,4.446,4.446,5.076,1,Other,I have read this text carefully,HR technology,No,NA,1,high,NA
2,331,TRUE,2022-11-12T14:08:50Z,R_22EKxU0gTrp3mej,yes,2,444x985,9.94,9.94,136.459,1,4.713,18.178,19.088,11,3,4,3,4,4,2.698,2.698,3.404,1,13,2.275,2.275,3.251,1,Other,I have read this text carefully,HR technology,No,NA,2,low,mobile
3,259,TRUE,2022-11-12T14:09:23Z,R_1FwuB41MQA312H0,yes,3,1280x800,5.506,184.927,186.243,2,5.217,13.373,13.997,7,5,6,7,6,6,2.874,2.874,3.916,1,38,3.462,4.933,6.017,2,Other,I have read this text carefully,HR technology,No,NA,3,high,NA
4,147,TRUE,2022-11-12T14:09:38Z,R_6oiEK7nEHXnS6hH,yes,4,1024x1366,4.673,4.673,89.193,1,4.755,21.246,21.932,6,4,5,4,5,5,1.442,1.442,2.233,1,75,2.231,2.54,3.288,2,4-6 times a week,NA,HR technology,No,NA,4,low,mobile
5,229,TRUE,2022-11-12T14:11:10Z,R_eyRqP7Kjt8fzS0h,yes,5,1440x900,17.415,17.415,35.029,1,1.325,77.232,78.183,6,7,6,6,5,6,3.646,3.646,4.601,1,59,4.733,4.733,5.705,1,Other,I have read this text carefully,HR technology,No,NA,5,low,NA
6,145,TRUE,2022-11-12T14:11:29Z,R_1CmCReFU2jJVbXG,yes,6,1366x768,7.272,7.272,61.143,1,20.023,45.41,45.828,4,6,7,6,5,7,3.416,3.416,3.902,1,64,2.782,2.782,3.373,1,Once a week,NA,HR technology,No,NA,6,high,NA
7,629,TRUE,2022-11-12T14:11:58Z,R_2f0OEJyU15heTBF,yes,7,1138x640,19.649,25.705,328.445,2,6.641,103.975,105.394,8,5,5,4,3,2,5.885,5.885,7.429,1,20,7.172,7.172,8.991,1,Other,I have read this text carefully,HR technology,No,NA,7,low,NA
8,144,TRUE,2022-11-12T14:13:05Z,R_3fkumZ0bspTZreF,yes,8,375x812,5.929,6.862,74.479,2,7.326,12.153,12.482,10,5,6,6,5,6,0.565,4.938,5.31,4,82,2.42,2.42,2.848,1,Other,I have read this text carefully,HR technology,No,NA,8,high,mobile
9,243,TRUE,2022-11-12T14:13:27Z,R_3fe2AHZiHcBeNlo,yes,9,1440x900,0,0,164.98,0,4.101,13.016,14.615,4,4,6,5,5,5,2.039,2.039,3.203,1,59,3.003,3.003,4.201,1,Other,I have read this text carefully,HR technology,No,NA,9,low,NA
10,414,TRUE,2022-11-12T14:13:32Z,R_2P090mMNgSVZ0OY,yes,10,1920x1080,12.574,12.574,294.33,1,9.75,27.342,28.313,5,6,7,6,6,5,7,7,7.703,1,57,3.476,7.067,7.791,2,Other,I have read this text carefully,HR technology,No,NA,10,high,NA
11,294,TRUE,2022-11-12T14:13:40Z,R_2OZQ6WUi0Z9UBdf,yes,11,1440x900,0,0,65.019,0,113.511,123.899,125.297,5,5,6,5,6,6,4.862,4.862,5.733,1,63,3.64,3.64,4.679,1,Other,I have read this text carefully,HR technology,No,NA,11,high,NA
12,270,TRUE,2022-11-12T14:13:43Z,R_10Tb4poV2ZHQakm,yes,12,1536x864,11.811,12.857,170.109,2,7.506,18.859,19.202,7,5,3,4,6,4,4.398,4.398,5.749,1,45,3.11,3.11,4.154,1,Other,I have read this text carefully,HR technology,No,NA,12,low,NA
13,268,TRUE,2022-11-12T14:13:43Z,R_2zHXQirQlaG4Fo5,yes,13,390x844,8.98,8.98,212.361,1,4.477,15.146,16.135,10,5,5,6,6,5,2.624,3.018,3.964,2,57,3.859,3.859,4.215,1,2-3 times a week,NA,HR technology,No,NA,13,high,mobile
14,290,TRUE,2022-11-12T14:13:54Z,R_33prBHi9JoUUuMn,yes,14,2048x1152,11.537,11.537,26.96,1,43.787,104.411,105.566,5,3,7,5,6,5,6.43,6.43,25.622,1,86,6.746,6.746,7.234,1,Other,I have read this text carefully,HR technology,No,NA,14,high,NA
15,235,TRUE,2022-11-12T14:14:18Z,R_UgUyKeJitXQhoHv,yes,15,375x667,1.252,157.478,158.556,3,2.394,18.711,19.741,19,4,4,5,3,3,2.374,3.457,4.337,3,85,1.638,1.638,2.773,1,Other,I have read this text carefully,HR technology,No,NA,15,low,mobile
16,308,TRUE,2022-11-12T14:15:03Z,R_RJ3K1cLJq9uJKPn,yes,16,1920x1080,11.705,11.705,206.132,1,19.412,30.745,31.626,5,1,5,4,5,3,4.787,4.787,5.684,1,75,4.541,4.541,5.285,1,Other,I have read this text carefully,HR technology,No,NA,16,low,NA
17,190,TRUE,2022-11-12T14:16:16Z,R_1M3z30CWEPLzYYX,yes,17,1024x768,3.666,8.662,32.807,7,5.034,28.309,29.113,7,4,5,6,5,6,2.347,2.347,3.096,1,74,3.589,4.179,4.666,2,Every day,NA,HR technology,Yes,IELTS tests,17,high,NA
18,70,TRUE,2022-11-12T14:16:26Z,R_12xS5GAP6NfveIV,yes,18,412x732,0,0,6.062,0,3.338,11.562,12.101,10,6,6,6,6,6,1.529,2.407,2.701,2,85,2.958,2.958,3.493,1,Other,I have read this text carefully,Sports analytics,No,NA,18,low,mobile
19,58,TRUE,2022-11-12T14:16:28Z,R_2Ecc9n2OwrasPzX,yes,19,360x800,2.664,2.664,3.322,1,4.893,16.389,17.205,17,5,4,4,5,6,1.877,3.217,3.757,3,92,1.788,3.137,3.519,2,Once a week,NA,Public safety,No,NA,19,high,mobile
20,225,TRUE,2022-11-12T14:16:46Z,R_2PBw3vKGI7NJ294,yes,20,2560x1080,4.25,4.25,154.784,1,6.35,15.68,16.435,4,3,4,5,5,4,2.678,2.678,3.457,1,13,3.412,3.412,4.536,1,Other,I have read this text carefully,HR technology,No,NA,20,low,NA
21,415,TRUE,2022-11-12T14:16:59Z,R_24LRxtOxprFsMYS,yes,21,1366x768,19.307,19.307,299.515,1,9.776,19.208,20.252,4,6,7,6,7,6,5.287,5.287,6.108,1,100,4.111,4.111,5.035,1,Other,I have read this text carefully,HR technology,No,NA,21,high,NA
22,323,TRUE,2022-11-12T14:17:09Z,R_3fZ8FyyNLfUN6Lf,yes,22,1366x768,17.456,17.456,126.967,1,64.232,114.428,115.804,6,6,6,7,5,6,4.188,4.188,5.357,1,28,6.011,6.011,7.186,1,Other,NA,HR technology,No,NA,22,high,NA
23,118,TRUE,2022-11-12T14:17:46Z,R_1Ca4Ldnl7dtoBDy,yes,23,412x915,0,0,1.653,0,6.579,17.651,18.5,10,5,5,5,5,4,18.002,18.002,19.151,1,33,3.211,3.211,4.09,1,Other,I have read this text carefully,HR technology,No,NA,23,low,mobile
24,351,TRUE,2022-11-12T14:18:33Z,R_3GenCz7j1nxqJyz,yes,24,1280x720,18.761,18.761,197.634,1,11.625,29.034,30.124,4,3,4,5,5,5,3.691,3.691,4.7,1,17,7.856,7.856,8.959,1,Other,I have read this text carefully,HR technology,No,NA,24,high,NA
25,486,TRUE,2022-11-12T14:18:48Z,R_2ARWWhjP0yTzwWn,yes,25,1440x900,15.228,15.228,357.019,1,28.504,46.908,48.131,4,5,6,5,6,6,7.078,7.078,8.101,1,38,8.425,8.425,9.747,1,Other,I have read this text carefully,HR technology,No,NA,25,high,NA
26,350,TRUE,2022-11-12T14:18:58Z,R_1BOWddVUuxRgkSj,yes,26,1536x864,20.257,20.257,278.444,1,8.472,26.085,27.35,7,4,7,5,5,5,5.721,5.721,7.938,1,59,3.401,3.401,4.852,1,2-3 times a week,NA,HR technology,No,NA,26,high,NA
27,472,TRUE,2022-11-12T14:19:02Z,R_xFMpENpiDPzJeSd,yes,27,412x869,32.927,32.927,45.672,1,16.644,171.564,172.376,22,5,5,6,6,5,7.708,17.537,19.178,4,23,5.242,12.683,14.386,4,Other,I have read this text carefully,HR technology,No,NA,27,low,mobile
28,265,TRUE,2022-11-12T14:19:04Z,R_3s7APSPDGOLLTQI,yes,28,1536x864,9.165,9.165,161.066,1,4.846,33.255,34.277,5,6,5,4,4,3,6.16,8.539,9.501,2,0,1.852,1.852,3.14,1,Other,I have read this text carefully,HR technology,No,NA,28,low,NA
29,225,TRUE,2022-11-12T14:19:38Z,R_8oUm6fBLwGYFK8x,yes,29,412x915,9.125,9.125,150.679,1,2.295,12.379,13.083,14,5,7,6,5,5,3.462,3.462,4.251,1,96,1.879,1.879,2.544,1,Other,I have read this text carefully,HR technology,No,NA,29,high,mobile
30,309,TRUE,2022-11-12T14:20:16Z,R_QgHlffr4psNtbPj,yes,30,1280x720,24.785,24.785,73.775,1,30.887,42.838,43.765,4,7,7,7,7,7,4.498,4.498,5.312,1,100,4.999,4.999,5.679,1,2-3 times a week,NA,HR technology,No,NA,30,high,NA
31,350,TRUE,2022-11-12T14:20:29Z,R_1Qi41hrP12R8hjV,yes,31,375x812,2.183,215.665,216.204,7,52.029,61.736,62.347,14,4,4,7,5,5,1.668,2.985,3.622,3,25,5.39,6.14,6.929,2,Other,Every few months,HR technology,No,NA,31,high,mobile
32,486,TRUE,2022-11-12T14:21:13Z,R_1mOctB0lgYksYXl,yes,32,1536x864,23.193,23.193,326.189,1,8.079,20.738,22.125,5,4,5,6,5,5,4.751,4.751,5.587,1,36,2.441,2.441,3.382,1,Other,I have read this text carefully,HR technology,No,NA,32,low,NA
33,194,TRUE,2022-11-12T14:21:30Z,R_3EL3PrwY5fPuhYh,yes,33,1440x900,8.076,8.076,96.383,1,5.703,26.421,27.329,4,4,5,5,5,5,2.99,2.99,4.098,1,63,3.314,5.02,5.878,2,Other,I have read this text carefully,HR technology,No,NA,33,high,NA
34,209,TRUE,2022-11-12T14:21:42Z,R_1r9f0cLt9aFCpJy,yes,34,1920x1080,27.342,27.342,92.841,1,11.905,28.228,28.773,4,3,4,4,4,4,4.69,4.69,5.38,1,85,4.289,4.289,4.823,1,4-6 times a week,NA,HR technology,No,NA,34,low,NA
35,389,TRUE,2022-11-12T14:22:16Z,R_11irtjxmXz6ddKw,yes,35,2048x1152,13.766,13.766,244.317,1,11.828,31.826,35.748,4,2,3,3,2,2,9.535,9.535,10.919,1,91,4.41,6.544,7.615,2,Other,I have read this text carefully,HR technology,Yes,"On startups, yes. But not in this product area.",35,high,NA
36,132,TRUE,2022-11-12T14:22:34Z,R_cZNRMN1PWcKrfnH,yes,36,1536x864,0,0,25.476,0,6.68,14.176,19.873,5,4,4,4,4,4,5.595,5.595,7.087,1,20,5.181,9.68,11.102,3,4-6 times a week,NA,Sports analytics,No,NA,36,low,NA
37,330,TRUE,2022-11-12T14:22:48Z,R_CjZ1Xw2z4B4nNKN,yes,37,414x896,5.952,5.952,25.128,1,1.738,147.094,149.147,33,4,4,5,5,5,1.674,6.002,6.951,3,42,5.546,5.546,6.26,1,Other,I have read this text carefully,HR technology,No,NA,37,high,mobile
38,225,TRUE,2022-11-12T14:23:24Z,R_V50ka6PQmigEsxj,yes,38,1680x1050,0,0,10.348,0,168.619,175.791,176.68,4,5,6,5,6,5,2.056,2.056,2.813,1,87,1.552,2.381,3.275,2,Other,I have read this text carefully,HR technology,No,NA,38,high,NA
39,281,TRUE,2022-11-12T14:23:44Z,R_1dzuqIdClN687D2,yes,39,1920x1080,9.841,9.841,218.686,1,8.279,18.332,18.878,4,3,5,5,6,5,4.603,5.096,5.445,2,58,4.597,4.597,5.179,1,Other,I have read this text carefully,HR technology,No,NA,39,high,NA
40,208,TRUE,2022-11-12T14:24:02Z,R_1LdMB9C92JfEh5t,yes,40,1440x900,18.843,18.843,93.27,1,5.881,16.446,17.308,5,4,5,5,5,4,2.512,5.813,6.839,2,74,3.78,3.78,4.805,1,Other,I have read this text carefully,HR technology,No,NA,40,low,NA
41,288,TRUE,2022-11-12T14:24:24Z,R_2xKt3h0ejOXEEzN,yes,41,360x780,5.502,13.016,203.656,4,5.282,21.212,22.18,20,3,5,4,4,4,3.499,4.482,4.802,3,64,3.879,3.879,4.702,1,Other,I have read this text carefully,HR technology,No,NA,41,low,mobile
42,246,TRUE,2022-11-12T14:24:37Z,R_OkUoTiX0rizmo4F,yes,42,2560x1440,9.066,9.066,188.414,1,4.311,13.742,14.894,4,1,4,2,3,2,6.341,6.341,7.328,1,35,5.903,5.903,6.869,1,Every day,NA,HR technology,No,NA,42,low,NA
43,166,TRUE,2022-11-12T14:24:44Z,R_1Cxq7zAlsBrYya3,yes,43,428x926,14.865,14.865,62.298,1,7.125,19.471,20.157,11,4,5,4,4,4,2.2,3.319,4.282,2,6,3.675,3.675,4.912,1,Other,I have read this text carefully,HR technology,No,NA,43,high,mobile
44,401,TRUE,2022-11-12T14:25:09Z,R_1MKy5mIk3HSOS4X,yes,44,360x740,4.569,5.122,296.087,2,4.758,19.848,20.406,19,4,6,4,5,4,6.514,6.831,7.535,2,20,3.439,3.439,4.361,1,Other,I have read this text carefully,HR technology,No,NA,44,high,mobile
45,71,TRUE,2022-11-12T14:25:24Z,R_1OIfLOYg1077Ho5,yes,45,2560x1440,3.865,3.865,15.658,1,17.722,22.745,23.362,4,4,6,2,6,5,2.021,2.375,2.629,2,24,1.592,2.632,3.229,2,Never,NA,HR technology,No,NA,45,high,NA
46,206,TRUE,2022-11-12T14:25:47Z,R_3PBJK8uR7MZ2PYF,yes,46,390x844,12.394,12.394,89.479,1,9.124,33.324,34.184,15,3,5,3,2,3,6.307,8.242,8.263,4,19,4.795,7.347,8.485,5,Other,I have read this text carefully,HR technology,No,NA,46,low,mobile
47,393,TRUE,2022-11-12T14:25:48Z,R_2EgearFHvpDBCwo,yes,47,1920x1080,39.753,39.753,293.19,1,7.121,24.162,24.832,7,4,5,5,4,4,4.292,4.292,4.968,1,65,4.523,4.523,5.2,1,Other,I have read this text carefully,HR technology,No,NA,47,low,NA
48,105,TRUE,2022-11-12T14:25:48Z,R_1ISH2L2CdaoYIvn,yes,48,1517x853,0,0,2.859,0,17.756,28.001,29.204,6,5,4,5,3,4,1.531,1.531,4.403,1,76,2.201,2.201,3.094,1,2-3 times a week,NA,Medical innovation,No,NA,48,high,NA
49,628,TRUE,2022-11-12T14:26:12Z,R_3kyQBBIAJx3fehT,yes,49,1280x800,6.33,6.33,79.996,1,4.574,16.977,17.686,5,3,5,5,6,3,2.825,2.825,3.489,1,57,2.395,2.395,2.922,1,Other,I have read this text carefully,HR technology,No,NA,49,low,NA
50,249,TRUE,2022-11-12T14:26:18Z,R_2ZDfro8uhCDhDE3,yes,50,375x667,10.931,111.836,112.984,4,8.56,31.692,32.657,17,4,5,5,3,4,4.505,5.757,6.793,2,65,4.25,4.25,5.059,1,Other,I have read this text carefully,HR technology,No,NA,50,low,mobile
51,211,TRUE,2022-11-12T14:26:29Z,R_0O38QbItS6B8a09,yes,51,1366x768,0,0,9.797,0,17.756,30.989,32.302,7,4,4,5,5,5,5,5,6.558,1,70,6.642,6.642,7.846,1,Other,i have read this text carefully,Medical innovation,No,NA,51,high,NA
52,552,TRUE,2022-11-12T14:26:47Z,R_3HUr9LcJok95Yxn,yes,52,1922x943,16.528,326.525,327.885,3,3.925,18.654,19.423,8,3,6,5,4,5,5.254,5.943,7.054,2,18,3.389,7.797,8.019,5,Other,I have read this text carefully,HR technology,No,NA,52,high,NA
53,386,TRUE,2022-11-12T14:26:50Z,R_3PtAeDbqEFjSwrQ,yes,53,1536x864,6.305,6.305,262.335,1,10.506,37.742,38.643,11,3,7,6,4,5,11.408,11.408,12.759,1,73,4.95,7.691,8.642,2,Other,I have read this text carefully,HR technology,No,NA,53,high,NA
54,387,TRUE,2022-11-12T14:27:03Z,R_1kGEI5hIAuziYBH,yes,54,414x896,11.676,11.676,294.517,1,3.09,13.986,14.778,11,6,6,7,7,6,3.999,3.999,4.813,1,60,7.309,10.758,11.462,2,Other,I have read this text carefully.,HR technology,No,NA,54,high,mobile
55,521,TRUE,2022-11-12T14:27:04Z,R_2ysmHXsTTeV7bEJ,yes,55,375x667,2.085,7.969,330.125,4,15.594,67.048,68.16,23,4,4,5,4,4,8.211,8.725,10.006,2,56,4.775,9.041,10.229,5,Other,I have read this text carefully,HR technology,No,NA,55,low,mobile
56,116,TRUE,2022-11-12T14:27:08Z,R_yHBZvzrGHYCqGt3,yes,56,1536x864,15.008,15.008,27.678,1,12.28,17.751,19.308,4,5,5,6,5,5,4.059,4.059,5.102,1,88,3.052,3.052,3.872,1,Other,I have read this text carefully,Sports analytics,No,NA,56,high,NA
57,626,TRUE,2022-11-12T14:27:24Z,R_3Ej5C6NFmUByirp,yes,57,412x915,23.244,23.244,326.309,1,10.659,27.438,28.277,10,4,4,5,5,4,5.541,5.541,6.225,1,39,5.423,5.423,6.559,1,Other,I have read this text carefully,HR technology,No,NA,57,low,mobile
58,347,TRUE,2022-11-12T14:27:32Z,R_3Op4SFOqBDiF0IW,yes,58,1920x1080,9.619,9.619,255.454,1,7.595,17.379,18.463,5,4,4,2,3,2,4.422,4.422,5.289,1,22,3.451,3.451,4.863,1,Other,I have read this text carefully,HR technology,No,NA,58,low,NA
59,242,TRUE,2022-11-12T14:27:51Z,R_3Jr32knUSHeWkCJ,yes,59,768x1024,14.777,14.777,21.196,1,14.008,31.7,32.592,7,5,4,4,4,5,5.237,5.237,6.158,1,52,4.401,4.401,5.474,1,Other,I have read this carefully,HR technology,No,NA,59,high,NA
60,213,TRUE,2022-11-12T14:28:17Z,R_3soUADOZU6v66To,yes,60,1792x1120,7.45,7.45,68.514,1,30.579,56.303,57.656,5,3,5,4,4,4,3.267,3.267,4.304,1,18,3.688,3.688,5.071,1,Other,I have read this text carefully,HR technology,No,NA,60,high,NA
61,614,TRUE,2022-11-12T14:28:50Z,R_eIKWhYczi0c7GSZ,yes,61,1366x768,7.396,7.396,217.615,1,276.967,300.788,301.836,5,3,5,5,6,4,3.766,10.388,11.828,3,47,2.676,2.676,4.071,1,Other,I have read this text carefully,HR technology,No,NA,61,low,NA
62,686,TRUE,2022-11-12T14:28:56Z,R_3Q263Sg2rZ4uG9X,yes,62,1536x864,485.383,490.774,605.069,2,9.316,25.948,26.896,7,2,4,6,5,5,2.307,2.307,3.423,1,87,1.444,2.926,3.635,2,Other,I have read this text carefully.,HR technology,No,NA,62,low,NA
63,470,TRUE,2022-11-12T14:28:57Z,R_893tgoG66ZnHZHH,yes,63,1366x768,320.363,324.78,337.104,2,1.902,4.307,5.277,4,5,5,6,4,5,0.401,0.401,1.408,1,66,2.575,4.033,5.041,3,Other,I have read this text carefully,HR technology,No,NA,63,high,NA
64,212,TRUE,2022-11-12T14:29:13Z,R_7VeyS9FWAj1giFr,yes,64,1280x720,8.534,8.534,149.319,1,6.073,12.734,13.835,7,3,4,4,4,5,5.263,5.263,6.227,1,43,2.491,2.892,4.004,2,Never,NA,HR technology,No,NA,64,low,NA
65,278,TRUE,2022-11-12T14:29:21Z,R_12SenMfX1tUCHuK,yes,65,1600x900,3.448,3.448,122.7,1,5.635,15.925,16.795,4,5,5,5,5,5,4.065,4.065,4.668,1,36,6.414,6.414,7.318,1,Other,I have read this text carefully,HR technology,No,NA,65,low,NA
66,210,TRUE,2022-11-12T14:29:23Z,R_2whiluAQA1jXNMb,yes,66,414x736,4.539,12.642,118.459,2,6.964,23.781,25.389,10,5,6,3,4,3,2.517,4.317,5.049,3,3,3.164,3.164,3.99,1,Other,I have read this text carefully.,HR technology,No,NA,66,high,mobile
67,194,TRUE,2022-11-12T14:29:23Z,R_3GfkkstBI889iQf,yes,67,1536x864,8.019,8.019,40.251,1,4.366,76.372,80.1,8,4,4,5,3,5,1.654,12.086,13.473,2,32,3.277,13.141,14.303,4,Once a week,NA,HR technology,No,NA,67,low,NA
68,63,TRUE,2022-11-12T14:29:25Z,R_1LMpJui6fv1zBDQ,yes,68,1920x1080,39.905,39.905,40.29,1,0.636,2.403,3.001,4,6,6,6,5,6,0.578,0.578,1.238,1,70,1.398,1.398,1.972,1,Every day,NA,HR technology,No,NA,68,high,NA
69,357,TRUE,2022-11-12T14:29:29Z,R_1jOp32ICv6SHNjE,yes,69,414x896,12.416,12.416,271.731,1,4.308,19.46,19.491,19,5,5,4,3,4,2.208,2.966,4.392,3,40,3.405,4.656,5.089,2,Other,I have read this text carefully,HR technology,No,NA,69,low,mobile
70,547,TRUE,2022-11-12T14:29:40Z,R_27DQTP9s8JTNnfD,yes,70,1920x1080,0,0,314.919,0,3.504,14.479,15.296,5,4,5,6,3,5,1.39,1.39,2.772,1,33,2.709,6.708,7.489,3,Other,I have read this text carefully,HR technology,No,NA,70,low,NA
71,216,TRUE,2022-11-12T14:29:51Z,R_2wczOqo8uPyBOJ2,yes,71,1920x1080,0,0,127.366,0,0,0,17.177,0,3,5,5,5,5,0,0,4.118,0,75,4.041,4.041,5.313,1,Other,I have read this text carefully,HR technology,No,NA,71,low,NA
72,124,TRUE,2022-11-12T14:30:00Z,R_3nGm1BDQgcqyNfV,yes,72,1920x1080,0,0,3.806,0,11.419,15.858,16.803,4,5,6,5,4,5,1.821,1.821,2.641,1,36,2.946,2.946,4.078,1,Other,I have read this text carefully,HR technology,No,NA,72,low,NA
73,242,TRUE,2022-11-12T14:30:08Z,R_1KvhFV7mk9dtdfh,yes,73,1536x864,11.822,11.822,114.178,1,29.289,35.802,36.604,4,4,5,4,5,5,4.875,4.875,5.491,1,39,3.194,4.056,4.75,2,Other,I have read this text carefully,HR technology,No,NA,73,high,NA
74,457,TRUE,2022-11-12T14:30:10Z,R_10NHBIz9Q1EYRMq,yes,74,414x896,11.234,11.234,345.587,1,4.796,18.928,19.648,10,7,5,6,5,6,6.297,7.094,7.644,2,42,6.044,10.735,12.014,6,Other,I have read this text carefully,HR technology,No,NA,74,low,mobile
75,330,TRUE,2022-11-12T14:30:13Z,R_27PUX8eY1nroStC,yes,75,1920x1080,7.925,231.313,231.702,6,8.205,18.746,19.884,5,6,6,6,5,5,3.872,3.872,4.648,1,73,1.301,1.961,2.633,3,Other,i have read this text carefully,HR technology,No,NA,75,high,NA
76,398,TRUE,2022-11-12T14:30:33Z,R_0JxZEsWkSFtFK7L,yes,76,1366x768,10.436,10.436,275.572,1,8.585,26.836,27.948,5,4,4,5,6,5,3.874,3.874,5.016,1,68,3.736,3.736,4.534,1,Other,I have read this text carefully,HR technology,No,NA,76,low,NA
77,250,TRUE,2022-11-12T14:30:38Z,R_1QbDNKI2RYrZRJ2,yes,77,1920x1200,20.339,21.543,139.97,2,1.509,16.445,17.519,5,4,4,3,4,3,3.382,3.382,4.2,1,32,6.254,6.254,7.438,1,Other,I have read this text carefully,HR technology,No,NA,77,high,NA
78,533,TRUE,2022-11-12T14:30:40Z,R_0Bf3oF2xOyTLWZr,yes,78,1280x720,14.712,14.712,318.363,1,8.552,26.687,27.503,8,5,5,5,4,4,4.327,4.327,5.418,1,66,10.688,10.688,11.57,1,Other,I have read this text carefully,HR technology,No,NA,78,high,NA
79,678,TRUE,2022-11-12T14:31:12Z,R_24jvN5Rh5CC2o27,yes,79,1366x768,26.478,26.478,331.708,1,10.418,42.768,44.633,7,6,7,6,7,6,14.927,14.927,15.838,1,81,12.163,12.163,16.202,1,Other,I have read this text carefully,HR technology,No,NA,79,high,NA
80,324,TRUE,2022-11-12T14:31:27Z,R_25YiPt0qViLgBmF,yes,80,810x1080,17.646,21.17,63.393,3,18.548,104.907,105.531,12,6,6,5,5,5,5.627,5.627,6.969,1,20,4.422,4.422,5.892,1,Other,I have read this text carefully,HR technology,No,NA,80,high,NA
81,304,TRUE,2022-11-12T14:31:43Z,R_3MPxe7ZfqKFfniH,yes,81,768x1024,9.879,9.879,230.139,1,7.247,26.126,27.153,6,4,6,5,6,3,5.304,5.304,9.253,1,74,3.76,6.128,6.764,3,4-6 times a week,NA,HR technology,No,NA,81,high,NA
82,305,TRUE,2022-11-12T14:32:09Z,R_2VqlwLjZsmHhUWS,yes,82,1440x900,10.562,10.562,185.842,1,1.199,31.533,34.266,7,3,5,6,3,4,5.473,6.272,8.167,2,8,5.301,5.301,6.398,1,Other,I have read this text carefully,HR technology,No,NA,82,low,NA
83,341,TRUE,2022-11-12T14:32:12Z,R_3qleLA3aQdSkj6G,yes,83,1536x864,9.828,9.828,180.992,1,7.969,23.505,24.741,6,4,4,5,5,5,5.581,5.581,6.584,1,46,6.163,6.163,7.343,1,Other,I have read this text carefully,HR technology,No,NA,83,low,NA
84,184,TRUE,2022-11-12T14:32:18Z,R_szAk6ANSwI9ru3n,yes,84,412x892,0,0,142.432,0,2.995,11.461,12.179,14,6,6,6,6,5,2.939,2.939,3.307,1,100,1.952,1.952,2.451,1,2-3 times a week,NA,HR technology,No,NA,84,low,mobile
85,293,TRUE,2022-11-12T14:32:26Z,R_3h4p8t1ZPvfKnQB,yes,85,1366x768,10.121,10.121,148.538,1,8.992,33.99,55.878,4,5,6,6,5,6,9.405,9.405,10.373,1,65,7.245,7.245,8.063,1,Other,I have read this text carefully,HR technology,No,NA,85,high,NA
86,339,TRUE,2022-11-12T14:32:27Z,R_2bVFhq4nNHAfbR9,yes,86,1366x768,18.115,18.115,190.502,1,27.281,50.546,51.919,7,5,5,6,5,6,6.854,6.854,7.702,1,76,4.145,4.145,5.298,1,Never,NA,HR technology,No,NA,86,low,NA
87,209,TRUE,2022-11-12T14:32:29Z,R_2R9u5C5aD5QOzNa,yes,87,1280x720,19.574,19.574,124.706,1,6.849,14.862,16.533,5,3,3,3,3,3,5.068,5.068,6.366,1,63,2.021,3.803,4.831,2,2-3 times a week,NA,HR technology,No,NA,87,high,NA
88,571,TRUE,2022-11-12T14:32:32Z,R_wTsQk7x0OQSJ5uN,yes,88,1680x1050,221.897,221.897,423.934,1,36.78,43.38,44.729,4,4,4,5,4,5,6.61,6.61,7.662,1,45,6.925,6.925,8.208,1,Other,I have read this text carefully,HR technology,No,NA,88,high,NA
89,229,TRUE,2022-11-12T14:32:50Z,R_3Gpp8Ze5CaCCZYy,yes,89,1512x982,11.653,11.653,62.98,1,5.445,16.521,17.442,6,2,6,6,5,4,4.859,4.859,5.693,1,64,3.742,3.742,4.538,1,Other,I have read this text carefully,HR technology,No,NA,89,high,NA
90,272,TRUE,2022-11-12T14:32:54Z,R_3nCrzSXtqMvzOyC,yes,90,1512x982,2.816,2.816,204.564,1,3.665,13.725,15.09,5,5,5,5,6,6,3.168,3.168,4.086,1,66,3.669,3.669,4.5,1,Other,I have read this text carefully,HR technology,No,NA,90,high,NA
91,292,TRUE,2022-11-12T14:32:57Z,R_2e8webrrNJnogDR,yes,91,1920x1080,10.7,10.7,184.829,1,9.838,26.403,28.426,7,4,4,4,4,4,4.924,4.924,6.421,1,44,5.406,9.956,11.467,2,Other,I have read this text carefully,HR technology,No,NA,91,high,NA
92,438,TRUE,2022-11-12T14:32:57Z,R_1mDjscjwRdVMdAY,yes,92,1920x1080,29.783,29.783,318.482,1,14.659,33.147,34.653,4,2,4,3,3,2,6.058,6.058,7.372,1,62,10.801,10.801,11.731,1,Other,text,HR technology,No,NA,92,low,NA
93,396,TRUE,2022-11-12T14:33:07Z,R_2VgUAfhtFNiBTe0,yes,93,375x667,11.923,260.377,261.139,5,20.931,54.28,55.186,15,3,5,3,4,4,13.465,14.318,14.71,2,67,6.355,6.355,7.13,1,Every day,NA,HR technology,No,NA,93,high,mobile
94,350,TRUE,2022-11-12T14:33:17Z,R_tZ1RQKWv35qqiQN,yes,94,1920x1080,15.172,15.172,126.035,1,24.193,75.203,76.07,4,3,6,2,4,3,4.923,4.923,5.554,1,37,3.688,3.688,4.915,1,Other,I have read this text carefully,HR technology,No,NA,94,high,NA
95,421,TRUE,2022-11-12T14:33:23Z,R_vqVx2Au9oUvxALD,yes,95,375x812,10.2,16.931,313.57,2,6.038,18.328,19.354,9,6,5,4,5,2,6.01,6.745,7.625,2,29,3.984,3.984,4.767,1,Other,I have read this text,HR technology,No,NA,95,low,mobile
96,429,TRUE,2022-11-12T14:33:32Z,R_1Kj4LcqumolfiAK,yes,96,1543x732,18.491,18.491,290.012,1,14.835,24.675,28.093,4,4,6,5,6,5,5.291,5.291,7.011,1,69,10.204,10.204,11.24,1,Other,I have read this text carefully,HR technology,No,NA,96,low,NA
97,364,TRUE,2022-11-12T14:33:40Z,R_2usmgHW3fxZBPME,yes,97,1920x1080,2.983,2.983,236.825,1,6.669,19.242,21.127,4,5,6,5,5,5,5.25,5.25,5.888,1,71,4.204,4.204,4.776,1,Other,I have read this text carefully,HR technology,No,NA,97,low,NA
98,394,TRUE,2022-11-12T14:33:45Z,R_2X1FSiVOk1rkEAB,yes,98,2560x1440,29.146,54.254,269.961,2,12.586,32.941,33.71,4,7,6,6,6,7,5.499,5.499,6.786,1,63,5.403,8.929,9.895,2,Other,I have read this text carefully,HR technology,No,NA,98,high,NA
99,291,TRUE,2022-11-12T14:33:46Z,R_UEFluB6qpZRuJIB,yes,99,1366x768,14.265,14.265,169.41,1,9.966,19.057,19.969,4,2,4,3,4,4,4.041,4.041,4.944,1,0,3.154,3.154,4.178,1,Other,'I have read this text carefully',HR technology,No,NA,99,low,NA
100,274,TRUE,2022-11-12T14:33:56Z,R_SGLF4afl4xcKQkF,yes,100,1920x1080,4.509,4.509,191.52,1,5.245,12.165,13.145,4,4,4,5,4,4,1.508,1.508,2.304,1,53,3.954,4.71,5.596,2,Other,I have read this text carefully,HR technology,No,NA,100,high,NA
101,704,TRUE,2022-11-12T14:34:00Z,R_Oa2ShTJ7bOq8ujf,yes,101,1300x731,1.358,22.675,326.652,2,20.055,61.858,62.847,8,4,5,6,5,5,6.046,6.657,7.602,2,8,11.074,11.764,13.088,2,Other,I have read this text carefully,HR technology,No,NA,101,high,NA
102,459,TRUE,2022-11-12T14:34:02Z,R_eKyv5iWh8TpdrX3,yes,102,1536x864,15.559,15.559,306.382,1,17.401,44.282,45.306,7,4,4,5,3,3,12.572,13.987,14.995,2,31,3.842,3.842,4.958,1,Other,I have read this text carefully,HR technology,No,NA,102,high,NA
103,337,TRUE,2022-11-12T14:34:20Z,R_3RmaD9DDlMaUy6j,yes,103,768x1024,12.424,12.424,161.434,1,3.153,37.536,38.088,10,5,6,6,5,5,6.791,6.791,7.301,1,7,4.515,6.913,10.199,2,Other,I have read this text carefully,HR technology,No,NA,103,low,NA
104,426,TRUE,2022-11-12T14:34:21Z,R_24zJZF4JaMwVMfl,yes,104,1440x900,26.333,26.333,311.576,1,5.408,20.609,22.268,5,6,6,5,6,5,4.899,4.899,8.201,1,33,4.623,4.623,6.046,1,Other,I have read this text carefully,HR technology,No,NA,104,high,NA
105,387,TRUE,2022-11-12T14:34:21Z,R_3rUpElAcWm4iMlD,yes,105,768x1024,11.582,11.582,286.334,1,10.609,25.581,26.201,8,5,6,6,5,7,5.766,5.766,6.285,1,60,4.5,4.5,5.208,1,Once a week,NA,HR technology,No,NA,105,low,NA
106,190,TRUE,2022-11-12T14:34:56Z,R_2dSgU5qr96GNq9G,yes,106,1536x864,15.194,15.194,94.303,1,12.667,15.466,16.248,4,4,5,5,6,6,0.84,0.84,1.542,1,75,1.894,1.894,2.59,1,Other,I have read this text carefully,HR technology,No,NA,106,low,NA
107,335,TRUE,2022-11-12T14:35:06Z,R_3lt3hX3xQd5dGVL,yes,107,1536x864,15.65,15.65,209.974,1,8.831,17.197,18.705,4,4,4,4,4,4,4.926,4.926,6.103,1,22,9.408,9.408,10.333,1,Other,i have read this text carefully,HR technology,No,NA,107,low,NA
108,265,TRUE,2022-11-12T14:35:08Z,R_PLQeUSyHcqi3cVX,yes,108,1280x720,5.156,155.788,157.591,3,5.465,20.003,22.209,7,5,4,5,3,4,2.995,2.995,4.059,1,81,2.27,2.27,3.274,1,Other,I have read this text carefully,HR technology,No,NA,108,low,NA
109,266,TRUE,2022-11-12T14:35:09Z,R_dhY2vMuWZ7sOgrD,yes,109,385x854,5.688,8.012,106.339,2,6.445,62.363,62.724,15,5,6,6,5,5,2.954,2.954,3.832,1,41,3.339,3.339,5.257,1,Other,I have read this text carefully,HR technology,No,NA,109,high,mobile
110,311,TRUE,2022-11-12T14:35:19Z,R_VQFUYquKW4x54Y1,yes,110,1920x1080,11.528,11.528,223.349,1,9.041,20.52,21.389,6,4,6,4,2,2,3.816,3.816,5.883,1,10,3.034,3.034,3.961,1,Other,I have read this text carefully,HR technology,No,NA,110,high,NA
111,173,TRUE,2022-11-12T14:35:20Z,R_3e44V0X6m2sxTl7,yes,111,1280x720,0,0,5.179,0,0.759,19.656,20.762,8,3,5,3,3,4,4.458,4.458,6.066,1,14,2.396,2.396,3.403,1,Other,I have read this text carefully,HR technology,No,NA,111,high,NA
112,707,TRUE,2022-11-12T14:35:29Z,R_1nOO1Bm0mZbZFaF,yes,112,1600x900,93.72,93.72,400.448,1,5.596,29.896,31.827,6,5,6,5,5,5,6.409,6.409,7.502,1,62,5.214,6.88,8.694,2,Other,I have read this text carefully,HR technology,No,NA,112,low,NA
113,496,TRUE,2022-11-12T14:35:37Z,R_1jjPNZyI2XBlkk9,yes,113,1366x768,8.153,8.153,345.747,1,6.931,22.986,24.249,7,5,7,6,5,4,8.022,8.022,9.475,1,28,7.382,7.382,8.687,1,Other,I have read this text carefully,HR technology,No,NA,113,low,NA
114,433,TRUE,2022-11-12T14:35:37Z,R_21FYW7vjNlpNqcC,yes,114,384x854,5.497,268.059,270.03,3,9.24,46.43,48.402,15,5,4,4,5,4,4.763,4.763,6.473,1,66,4.204,4.204,6.288,1,Other,I have read this text carefully,HR technology,No,NA,114,low,mobile
115,176,TRUE,2022-11-12T14:35:39Z,R_9T7CtTGZTKozWb7,yes,115,385x897,11.936,11.936,75.987,1,7.401,25.415,26.203,23,4,3,4,5,4,3.043,3.043,3.902,1,75,3.501,3.501,4.101,1,Other,I have read this text carefully,HR technology,No,NA,115,low,mobile
116,687,TRUE,2022-11-12T14:36:04Z,R_2YgJFLa3f8VoTgl,yes,116,1680x1050,19.449,19.449,491.643,1,8.793,27.886,31.705,4,2,4,4,3,4,8.905,8.905,12.938,1,71,9.411,9.411,11.475,1,Other,I have read this text carefully,HR technology,No,NA,116,low,NA
117,339,TRUE,2022-11-12T14:36:10Z,R_3nBlITskISwug4L,yes,117,360x780,2.588,7.432,239.552,2,4.169,19.003,21.56,14,7,7,7,7,6,11.062,11.657,12.384,2,95,3.629,3.629,4.923,1,Other,I have read this text carefully,HR technology,No,NA,117,high,mobile
118,196,TRUE,2022-11-12T14:36:21Z,R_0cxE66igvbveOEF,yes,118,1536x864,63.416,95.952,96.26,2,5.974,9.849,10.358,5,5,5,5,5,5,1.072,1.473,1.732,2,72,2.355,3.939,4.186,3,Other,I have read this text carefully,HR technology,No,NA,118,low,NA
119,566,TRUE,2022-11-12T14:36:27Z,R_1dMQz8bPfrKYx4O,yes,119,1536x864,2.884,2.884,514.64,1,3.026,12.104,13.787,4,4,4,5,4,4,2.105,2.105,3.257,1,26,1.476,1.476,2.998,1,Once a week,NA,HR technology,No,NA,119,high,NA
120,618,TRUE,2022-11-12T14:36:37Z,R_2ciUpnWRkXOwqAS,yes,120,1680x1050,7.99,339.601,340.118,2,7.242,37.212,38.269,7,5,6,6,6,6,4.571,4.571,5.985,1,46,5.542,8.895,9.137,3,4-6 times a week,NA,HR technology,No,NA,120,high,NA
121,168,TRUE,2022-11-12T14:36:52Z,R_2ru1BMisj2sRxUI,yes,121,384x854,8.905,8.905,96.506,1,3.602,10.014,10.403,14,4,5,5,5,3,1.101,2.142,2.664,3,67,1.757,1.757,2.333,1,Other,I have read this text carefully,HR technology,No,NA,121,low,mobile
122,338,TRUE,2022-11-12T14:36:58Z,R_PGPOIuzt91k4kPn,yes,122,1366x768,10.139,10.139,247.588,1,7.839,25.36,27.418,4,2,7,7,5,6,5.28,6.421,7.901,2,18,4.076,6.447,7.402,2,2-3 times a week,NA,HR technology,No,NA,122,high,NA
123,247,TRUE,2022-11-12T14:37:05Z,R_RaeKhXOQXfZsOwF,yes,123,1366x768,5.863,182.678,183.575,2,5.433,15.592,16.329,6,6,6,6,5,6,2.592,2.592,3.377,1,45,4.323,4.323,5.203,1,2-3 times a week,NA,HR technology,No,NA,123,high,NA
124,267,TRUE,2022-11-12T14:37:13Z,R_1gkf7Vl8GyUAA9E,yes,124,390x844,13.4,13.4,146.734,1,8.053,21.66,22.554,14,4,4,4,4,5,5.685,6.922,7.545,2,52,2.712,2.712,3.35,1,Never,NA,HR technology,No,NA,124,low,mobile
125,313,TRUE,2022-11-12T14:37:23Z,R_3kbs3m1QXCRpgBi,yes,125,1280x720,3.488,3.488,254.203,1,2.56,10.433,10.969,4,3,5,4,4,3,1.762,1.762,2.666,1,66,1.619,1.619,2.117,1,Other,I have read this text carefully,HR technology,No,NA,125,high,NA
126,513,TRUE,2022-11-12T14:37:23Z,R_yt2olvChKCZuJDX,yes,126,2048x1152,11.471,11.471,230.989,1,35.045,139.004,140.775,4,2,5,5,4,3,46.164,46.164,48.992,1,8,4.349,6.431,8.585,2,Other,I have read this text carefully,HR technology,No,NA,126,low,NA
127,222,TRUE,2022-11-12T14:37:45Z,R_26nAhk636zdYKKX,yes,127,458x991,0.905,0.905,124.577,1,7.048,34.495,35.201,12,2,6,5,3,3,9.103,9.103,10.007,1,66,0.792,10.053,10.383,2,Every day,NA,HR technology,No,NA,127,low,mobile
128,429,TRUE,2022-11-12T14:38:18Z,R_vOiZUaS8qUtV53H,yes,128,1366x768,15.867,15.867,256.871,1,18.6,52.161,53.968,13,4,5,5,4,4,6.742,6.742,8.17,1,58,9.545,11.514,15.582,2,Other,I have read this text carefully,HR technology,No,NA,128,low,NA
129,1124,TRUE,2022-11-12T14:38:32Z,R_1IymcFoclaSrmGD,yes,129,1440x900,13.806,13.806,228.215,1,46.507,126.33,127.503,4,5,6,5,6,6,3.883,9.74,11.033,2,76,3.553,4.418,5.95,2,Every day,NA,HR technology,No,NA,129,low,NA
130,297,TRUE,2022-11-12T14:38:44Z,R_0cGBaLVPjc9IMfL,yes,130,1536x864,8.512,8.512,176.798,1,6.426,24.142,26.012,7,3,4,3,4,4,6.277,6.277,8.546,1,87,3.34,7.626,8.657,5,Other,I have read this text carefully,HR technology,No,NA,130,high,NA
131,239,TRUE,2022-11-12T14:38:45Z,R_1Hp2ddQ6zbGEWr9,yes,131,1366x768,13.763,13.763,141.96,1,5.195,10.126,24.807,5,7,7,7,7,7,6.211,6.942,7.419,2,100,2.097,2.097,3.232,1,Other,I have read the text carefully,HR technology,No,NA,131,high,NA
132,595,TRUE,2022-11-12T14:38:46Z,R_30ufGQUWIgMMdtm,yes,132,1920x1080,4.433,22.1,347.421,5,2.811,15.922,17.773,4,4,7,4,4,2,6.429,6.429,8.35,1,100,3.832,3.832,4.56,1,Other,I have read this text carefully,HR technology,No,NA,132,high,NA
133,573,TRUE,2022-11-12T14:39:01Z,R_3D5sE78rejS9COq,yes,133,1280x720,17.334,17.334,292.22,1,17.879,36.421,37.334,7,4,7,7,7,6,4.432,4.432,5.536,1,100,2.875,3.625,4.673,2,Other,I have read this  text carefully,HR technology,No,NA,133,low,NA
134,709,TRUE,2022-11-12T14:39:01Z,R_viXvaU2hwWxGD7P,yes,134,1920x1080,25.303,25.303,331.116,1,20.921,47.517,49.488,4,5,5,4,5,4,6.191,6.191,8.219,1,16,5.593,5.593,9.055,1,Other,NA,HR technology,No,NA,134,high,NA
135,418,TRUE,2022-11-12T14:39:15Z,R_bI297F71Ynkutpf,yes,135,1920x1080,14.85,19.899,63.904,3,149.715,242.426,245.575,8,3,5,5,3,3,42.881,44.105,44.71,3,12,3.172,3.172,4.03,1,Other,I have read this text carefully,HR technology,No,NA,135,low,NA
136,297,TRUE,2022-11-12T14:39:16Z,R_1GB6NGpO20iaDXm,yes,136,1280x720,14.177,14.177,128.759,1,29.664,56.796,57.501,4,5,5,5,5,6,2.025,2.025,2.751,1,44,2.033,2.033,2.854,1,Other,I have read this text carefully,HR technology,No,NA,136,high,NA
137,497,TRUE,2022-11-12T14:39:16Z,R_2OQ5q4BhG81QBgK,yes,137,390x844,12.772,20.942,285.774,3,4.459,55.368,56.464,15,5,5,5,5,4,6.731,7.29,8.298,2,21,9.911,9.911,10.984,1,Other,I have read this text carefully,HR technology,No,NA,137,low,mobile
138,499,TRUE,2022-11-12T14:39:16Z,R_1ob98Mtt7o3txJg,yes,138,390x844,8.168,212.96,214.648,3,6.406,24.073,24.834,13,5,6,5,5,5,4.068,4.552,5.226,2,62,4.275,4.275,4.931,1,Other,I have read this text carefully,HR technology,No,NA,138,high,mobile
139,311,TRUE,2022-11-12T14:39:56Z,R_1IGyLi8mcYAMYs1,yes,139,384x854,4.544,66.497,67.319,2,4.332,55.371,55.885,22,4,6,5,5,5,4.273,6.733,7.647,2,100,0.841,8.85,9.321,3,Other,I have read this text carefully,HR technology,No,NA,139,high,mobile
140,335,TRUE,2022-11-12T14:40:04Z,R_4VJJZL1HYydAqWt,yes,140,1366x768,2.507,2.507,205.093,1,5.915,17.302,17.883,5,3,4,5,4,3,3.467,5.663,6.825,2,0,5.341,5.341,6.263,1,Other,I have read this text carefully,HR technology,No,NA,140,low,NA
141,558,TRUE,2022-11-12T14:40:25Z,R_2TMgAEcmd5mHLaF,yes,141,1366x768,1.052,14.617,316.052,2,1.064,20.122,21.048,8,4,5,6,5,6,2.794,3.948,4.896,2,46,3.255,4.201,5.499,2,Other,I have read this text carefully,HR technology,No,NA,141,high,NA
142,465,TRUE,2022-11-12T14:40:50Z,R_1cYaXGKh2b8ctkL,yes,142,1366x768,40.738,40.738,305.834,1,18.442,37.52,39.34,5,4,6,5,3,5,5.726,5.726,7.104,1,23,7.024,7.024,9.736,1,Other,I have read this text carefully,HR technology,No,NA,142,low,NA
143,1641,TRUE,2022-11-12T14:41:24Z,R_2WwcgzPXk1rPJ5A,yes,143,1536x864,20.258,24.889,325.525,3,5.436,12.889,13.501,6,6,6,5,6,5,2.719,4.499,5.281,3,33,1.697,3.862,4.812,2,4-6 times a week,NA,HR technology,No,NA,143,high,NA
144,864,TRUE,2022-11-12T14:42:03Z,R_3Rt3vvchW2R4ZN6,yes,144,1366x768,14.149,14.149,323.508,1,67.517,135.792,137.244,19,7,6,5,6,6,140.036,141.108,144.183,2,34,5.351,11.63,14.002,4,Other,I have read this text carefully,HR technology,No,NA,144,high,NA
145,848,TRUE,2022-11-12T14:42:04Z,R_33DUAEiTBw6V8yc,yes,145,1536x864,152.782,152.782,706.216,1,9.9,33.653,35.591,6,5,6,6,5,6,4.326,4.326,5.164,1,65,5.805,5.805,7.53,1,Other,I have read this text carefully,HR technology,No,NA,145,low,NA
146,582,TRUE,2022-11-12T14:42:18Z,R_3KvdBTEFCYlWvgG,yes,146,1536x864,6.346,6.346,341.307,1,4.746,13.417,14.217,6,5,4,3,4,3,2.274,3.141,4.438,2,75,2.869,2.869,3.987,1,Other,I have read this text carefully.,HR technology,No,NA,146,high,NA
147,586,TRUE,2022-11-12T14:42:24Z,R_O3gCeTTX1TL9ACR,yes,147,1366x768,18.935,18.935,345.614,1,7.298,23.354,24.327,6,6,6,5,6,5,5.512,5.512,6.823,1,81,5.866,5.866,7.419,1,Other,I have read this text carefully,HR technology,No,NA,147,high,NA
148,731,TRUE,2022-11-12T14:43:08Z,R_3KZvhXY1LPqc8oQ,yes,148,414x896,0,0,33.594,0,113.749,122.359,125.153,13,5,5,5,5,5,1.33,2.939,3.574,3,72,1.49,2.149,3.22,2,Other,I have read this text carefully,HR technology,No,NA,148,low,mobile
149,729,TRUE,2022-11-12T14:43:22Z,R_6fAPOROjvZSC9r3,yes,149,1440x900,20.266,20.266,344.319,1,16.449,38.216,39.341,4,4,6,5,6,5,5.717,5.717,6.893,1,40,7.159,9.341,10.845,2,Other,I have read this text carefully,HR technology,No,NA,149,low,NA
150,561,TRUE,2022-11-12T14:43:32Z,R_21icYZBhrjlLgX2,yes,150,2560x1440,24.291,24.291,339.507,1,4.2,21.768,22.619,6,6,6,6,6,6,6.644,6.644,7.476,1,62,6.609,6.609,7.525,1,Other,I have read this text carefully,HR technology,No,NA,150,high,NA
151,632,TRUE,2022-11-12T14:44:50Z,R_eqCuKysORIe43Nn,yes,151,834x1194,24.889,24.889,441.572,1,10.777,42.181,43.037,12,3,5,5,3,4,6.077,6.96,8.285,2,32,7.412,7.412,9.411,1,Other,I have read this text carefully,HR technology,No,NA,151,low,NA
152,1441,TRUE,2022-11-12T14:45:46Z,R_DOWYJ3qR0nj44QF,yes,152,1280x720,12.761,26.729,334.93,2,102.949,240.564,243.965,4,4,3,7,3,5,10.089,10.089,11.459,1,100,5.923,5.923,7.477,1,Other,I have read this text carefully,HR technology,No,NA,152,low,NA
153,905,TRUE,2022-11-12T14:45:58Z,R_bPoW9amZJnSmnHH,yes,153,1280x720,7.324,7.324,100.794,1,2.916,10.745,11.801,5,4,6,5,4,4,1.316,1.316,2.452,1,36,2.433,2.433,3.2,1,Other,I have read this text carefully,HR technology,No,NA,153,low,NA
154,198,TRUE,2022-11-12T14:48:59Z,R_2Bsu7wlPVEYbJ6l,yes,154,810x1080,17.551,17.551,65.045,1,6.034,13.961,14.682,9,5,6,6,5,5,3.018,3.018,3.727,1,75,3.17,5.981,6.578,2,Other,I have read this text carefully,HR technology,No,NA,154,high,NA
155,254,TRUE,2022-11-12T14:49:39Z,R_2DYXGFyX09OhWHH,yes,155,1024x768,12.164,12.164,153.214,1,8.202,24.122,25.889,4,3,4,2,4,3,4.357,4.357,5.345,1,9,3.084,3.084,4.013,1,Other,I have read this text carefully,HR technology,No,NA,155,low,NA
156,1215,TRUE,2022-11-12T14:54:25Z,R_1pDt6yVYh8FraSw,yes,156,390x844,81.954,81.954,858.886,1,10.534,38.529,39.727,15,3,6,6,5,3,8.904,11.124,12.187,3,20,4.73,8.487,9.614,4,Other,NA,HR technology,No,NA,156,high,mobile
157,199,TRUE,2022-11-12T15:04:08Z,R_2e2WRT1MErbCNZT,yes,157,1440x900,47.141,47.709,138.35,2,3.704,9.79,11.058,5,2,2,6,2,5,0.949,3.263,3.947,2,100,2.213,2.213,2.703,1,Other,I have read this text carefully,HR technology,No,NA,157,low,NA
158,1847,TRUE,2022-11-12T15:07:30Z,R_AyQHKxcQLcj9Y5P,yes,158,1366x768,89.207,89.207,440.026,1,41.164,93.289,95.154,4,5,6,6,6,6,15.21,15.21,16.707,1,11,10.517,14.405,19.499,2,Other,I have read this text carefully,HR technology,No,NA,158,low,NA
159,886,TRUE,2022-11-12T15:07:46Z,R_OpciFRZQKKwazPH,yes,159,1600x900,0,0,235.076,0,53.149,62.738,64.326,5,7,7,7,7,6,4.648,4.648,5.721,1,81,5.391,5.391,6.798,1,Other,NA,HR technology,No,NA,159,low,NA
160,789,TRUE,2022-11-12T15:13:45Z,R_D94Ukvy5RdQpc77,yes,160,1024x1366,34.158,465.407,468.188,3,10.449,138.216,139.311,13,5,6,6,4,5,9.839,25.832,26.568,2,58,6.813,6.813,8.822,1,Other,I have read this text carefully,HR technology,No,NA,160,high,NA
161,641,TRUE,2022-11-12T15:16:22Z,R_YRq4PaxcVfZmuDn,yes,161,1920x1080,0,0,49.77,0,0.823,4.766,70.333,7,5,5,4,5,5,14.098,181.104,181.934,3,65,1.168,1.92,2.144,3,Other,I have read this text carefully,HR technology,No,NA,161,high,NA
162,1029,TRUE,2022-11-12T15:18:11Z,R_22wPDSXLtygMjG5,yes,162,412x915,16.844,16.844,319.348,1,15.388,44.458,45.511,9,6,6,7,6,5,10.001,10.001,11.195,1,64,11,11,12.934,1,Other,I have read this text carefully,HR technology,No,NA,162,high,mobile
163,6034,TRUE,2022-11-12T15:44:16Z,R_1l5MuwXR3IZ6Ufw,yes,163,390x844,0.778,0.778,1.524,1,6.848,37.559,38.048,9,6,5,5,7,5,6.781,7.368,9.168,3,51,1.3,2.896,3.311,2,2-3 times a week,NA,HR technology,No,NA,163,low,mobile
164,540,TRUE,2022-11-12T16:09:13Z,R_XXKwoFjgdUZBt8R,yes,164,1920x1080,73.966,73.966,375.254,1,16.1,30.753,32.22,4,6,4,6,5,6,14.36,14.36,15.576,1,84,6.391,6.391,7.164,1,Every day,NA,HR technology,No,NA,164,low,NA
165,135,TRUE,2022-11-12T17:05:34Z,R_2D8k3EDRbVSC63G,yes,165,428x926,3.483,3.483,32.533,1,0.76,24.49,25.721,17,4,4,5,5,5,3.128,3.128,17.778,1,67,3.515,3.515,4.072,1,Other,I have read this text carefully,HR technology,No,NA,165,high,mobile
166,308,TRUE,2022-11-12T17:08:42Z,R_3EBj2q8qiWsBvJq,yes,166,1366x768,10.995,10.995,204.764,1,3.837,19.896,20.808,7,2,5,5,4,4,7.066,7.066,7.99,1,36,3.811,3.811,4.925,1,Other,I have read this text carefully,HR technology,No,NA,166,low,NA
167,313,TRUE,2022-11-12T17:08:44Z,R_3qgPe2h5fSIhLt3,yes,167,1440x900,25.391,25.391,85.921,1,21.988,30.671,31.633,4,6,6,7,7,7,2.914,2.914,4.156,1,100,3.27,5.021,6.028,2,2-3 times a week,NA,HR technology,No,NA,167,low,NA
168,299,TRUE,2022-11-12T17:08:50Z,R_868O9UliyyWxii5,yes,168,414x896,19.638,19.638,124.044,1,3.76,42.273,43.107,11,6,5,6,5,6,5.172,5.172,6.052,1,85,4.664,4.664,5.342,1,Other,I have read this text carefully,HR technology,No,NA,168,high,mobile
169,360,TRUE,2022-11-12T17:09:30Z,R_1f9s90tY1ROHPGd,yes,169,1920x1080,14.255,14.255,239.921,1,6.2,19.363,20.354,4,3,4,3,3,2,4.876,4.876,5.98,1,38,5.866,5.866,6.951,1,Other,I have read this text carefully,HR technology,No,NA,169,high,NA
170,437,TRUE,2022-11-12T17:10:42Z,R_qK1FQSavii82ngl,yes,170,1707x960,14.077,14.077,318.013,1,6.136,17.733,18.234,6,5,5,4,5,3,3.833,3.833,4.826,1,55,3.774,3.774,4.536,1,Other,I have read this text carefully,HR technology,No,NA,170,high,NA
171,445,TRUE,2022-11-12T17:10:50Z,R_tPLR3KNzcHfmGad,yes,171,1440x900,10.538,10.538,178.47,1,16.681,37.721,38.55,4,4,6,5,3,5,3.537,3.537,4.582,1,81,3.292,3.292,4.1,1,Other,I have read this text carefully,HR technology,No,NA,171,low,NA
172,365,TRUE,2022-11-12T17:13:02Z,R_1QswqDhKbyqGvnQ,yes,172,1366x768,13.584,13.584,200.476,1,59.281,67.681,68.68,4,4,4,4,4,4,2.193,3.153,5.122,2,100,3.837,3.837,4.608,1,Other,NA,HR technology,No,NA,172,high,NA
173,10,FALSE,2022-11-12T18:03:40Z,R_3RjwFZkk5QbaHPC,yes,173,2560x1600,NA,NA,NA,NA,NA,NA,NA,NA,NA,NA,NA,NA,NA,NA,NA,NA,NA,NA,NA,NA,NA,NA,NA,NA,NA,NA,NA,173,high,NA
23,15,FALSE,2022-11-12T18:12:14Z,R_2CZj7a76tdHYP8V,yes,23,412x915,NA,NA,NA,NA,NA,NA,NA,NA,NA,NA,NA,NA,NA,NA,NA,NA,NA,NA,NA,NA,NA,NA,NA,NA,NA,NA,NA,23,low,mobile
174,13,FALSE,2022-11-12T18:13:05Z,R_2YaeRN2Lij2hAb3,yes,174,414x896,NA,NA,NA,NA,NA,NA,NA,NA,NA,NA,NA,NA,NA,NA,NA,NA,NA,NA,NA,NA,NA,NA,NA,NA,NA,NA,NA,174,high,mobile
175,8,FALSE,2022-11-12T18:13:43Z,R_1P7TpR2ogmgP783,yes,175,1280x720,NA,NA,NA,NA,NA,NA,NA,NA,NA,NA,NA,NA,NA,NA,NA,NA,NA,NA,NA,NA,NA,NA,NA,NA,NA,NA,NA,175,low,NA
176,188,FALSE,2022-11-12T18:14:27Z,R_V3FlSDUQn853eOR,yes,176,414x896,NA,NA,NA,NA,NA,NA,NA,NA,NA,NA,NA,NA,NA,NA,NA,NA,NA,NA,NA,NA,NA,NA,NA,NA,NA,NA,NA,176,low,mobile
177,65,FALSE,2022-11-12T18:14:57Z,R_1DON3pJipoaSLrN,yes,177,1280x720,NA,NA,NA,NA,NA,NA,NA,NA,NA,NA,NA,NA,NA,NA,NA,NA,NA,NA,NA,NA,NA,NA,NA,NA,NA,NA,NA,177,low,NA
178,71,FALSE,2022-11-12T18:16:07Z,R_3qyfhZlE8Q807k5,yes,178,800x1280,NA,NA,NA,NA,NA,NA,NA,NA,NA,NA,NA,NA,NA,NA,NA,NA,NA,NA,NA,NA,NA,NA,NA,NA,NA,NA,NA,178,low,mobile
179,12,FALSE,2022-11-12T18:21:39Z,R_r0vCtI3adzDcBoJ,yes,179,1707x960,0,0,1.84,0,NA,NA,NA,NA,NA,NA,NA,NA,NA,NA,NA,NA,NA,NA,NA,NA,NA,NA,NA,NA,NA,NA,NA,179,high,NA
119,55,FALSE,2022-11-12T18:26:44Z,R_zTFL7rnnWcYvbBn,yes,119,1536x864,0,0,4.66,0,14.876,21.1,23.638,4,5,5,5,4,5,3.418,3.418,4.638,1,30,3.847,3.847,5.163,1,NA,NA,NA,NA,NA,119,low,NA
68,61,FALSE,2022-11-12T18:28:18Z,R_3r2tiube1V5lzIT,yes,68,1920x1080,0,0,1.268,0,16.756,19.31,20.469,4,5,6,5,5,5,1.465,1.465,2.123,1,76,2.391,2.391,3.045,1,NA,NA,NA,NA,NA,68,low,NA
180,29,FALSE,2022-11-12T18:28:58Z,R_yBxrSquSwxylrvX,yes,180,412x915,NA,NA,NA,NA,NA,NA,NA,NA,NA,NA,NA,NA,NA,NA,NA,NA,NA,NA,NA,NA,NA,NA,NA,NA,NA,NA,NA,180,high,mobile
139,164,FALSE,2022-11-12T18:32:18Z,R_1QJVzUKltE7vS5v,yes,139,384x854,12.959,12.959,16.265,1,24.814,115.874,116.395,32,4,5,5,4,5,1.289,8.553,10.337,3,54,3.432,3.432,4.577,1,NA,NA,NA,NA,NA,139,low,mobile
181,162,FALSE,2022-11-12T18:32:38Z,R_3341XXDeCEE50X1,yes,181,1920x1080,NA,NA,NA,NA,NA,NA,NA,NA,NA,NA,NA,NA,NA,NA,NA,NA,NA,NA,NA,NA,NA,NA,NA,NA,NA,NA,NA,181,high,NA
182,9,FALSE,2022-11-12T18:33:41Z,R_2EaTch2fDcwKfWf,yes,182,360x760,NA,NA,NA,NA,NA,NA,NA,NA,NA,NA,NA,NA,NA,NA,NA,NA,NA,NA,NA,NA,NA,NA,NA,NA,NA,NA,NA,182,high,mobile
127,25,FALSE,2022-11-12T18:33:48Z,R_RslB1thbAR2UImZ,yes,127,458x991,0,0,4.303,0,NA,NA,NA,NA,NA,NA,NA,NA,NA,NA,NA,NA,NA,NA,NA,NA,NA,NA,NA,NA,NA,NA,NA,127,high,mobile
140,205,FALSE,2022-11-12T18:34:32Z,R_3oR8Wk0ZF7Mj8y3,yes,140,1366x768,0,0,84.62,0,NA,NA,NA,NA,NA,NA,NA,NA,NA,NA,NA,NA,NA,NA,NA,NA,NA,NA,NA,NA,NA,NA,NA,140,high,NA
148,7,FALSE,2022-11-12T18:42:02Z,R_UoHtsFMvmfPTqDf,yes,148,414x896,NA,NA,NA,NA,NA,NA,NA,NA,NA,NA,NA,NA,NA,NA,NA,NA,NA,NA,NA,NA,NA,NA,NA,NA,NA,NA,NA,148,low,mobile
183,107,FALSE,2022-11-12T19:03:21Z,R_1NamqGdEF9KD0UK,yes,183,1440x900,NA,NA,NA,NA,NA,NA,NA,NA,NA,NA,NA,NA,NA,NA,NA,NA,NA,NA,NA,NA,NA,NA,NA,NA,NA,NA,NA,183,low,NA
159,6,FALSE,2022-11-12T19:05:25Z,R_3qrhUfWo3xpTUHm,yes,159,432x960,NA,NA,NA,NA,NA,NA,NA,NA,NA,NA,NA,NA,NA,NA,NA,NA,NA,NA,NA,NA,NA,NA,NA,NA,NA,NA,NA,159,low,mobile
184,2407,FALSE,2022-11-12T19:06:57Z,R_3sv4TVyGqAy1eUy,yes,184,1561x879,NA,NA,NA,NA,NA,NA,NA,NA,NA,NA,NA,NA,NA,NA,NA,NA,NA,NA,NA,NA,NA,NA,NA,NA,NA,NA,NA,184,low,NA
185,2378,FALSE,2022-11-12T19:25:03Z,R_3O8Lx8KlYD1tTr5,yes,185,1600x900,NA,NA,NA,NA,NA,NA,NA,NA,NA,NA,NA,NA,NA,NA,NA,NA,NA,NA,NA,NA,NA,NA,NA,NA,NA,NA,NA,185,high,NA
186,27,FALSE,2022-11-12T19:25:39Z,R_2P5R5gJABc91Jjh,yes,186,1366x768,NA,NA,NA,NA,NA,NA,NA,NA,NA,NA,NA,NA,NA,NA,NA,NA,NA,NA,NA,NA,NA,NA,NA,NA,NA,NA,NA,186,low,NA
