IPAddress,Duration (in seconds),Finished,RecordedDate,ResponseId,consent,ID,browser_info_Resolution,timer_pitch_deck_First Click,timer_pitch_deck_Last Click,timer_pitch_deck_Page Submit,timer_pitch_deck_Click Count,timer_mc_design_First Click,timer_mc_design_Last Click,timer_mc_design_Page Submit,timer_mc_design_Click Count,contrast,clarity,symmetry,complexity,timer_mc_flu_First Click,timer_mc_flu_Last Click,timer_mc_flu_Page Submit,timer_mc_flu_Click Count,fluency _1,timer_mc_quality_First Click,timer_mc_quality_Last Click,timer_mc_quality_Page Submit,timer_mc_quality_Click Count,quality,attention_check,attention_check_99_TEXT,comprehension_check,PROLIFIC_PID,fluency_condition,device
1,401,TRUE,2022-12-19T13:37:33Z,R_1ezO132SuPQSyAd,yes,1,2560x1440,17.605,17.605,261.528,1,5.955,22.758,29.963,5,2,2,2,3,4.283,5.285,6.544,2,14,9.626,31.834,32.631,2,5,Other,I have read this text carefully,Medical innovation,1,low,NA
2,278,TRUE,2022-12-19T13:39:07Z,R_3lFaJ7MlxB5xWBY,yes,2,820x1180,2.562,2.562,212.419,1,2.351,12.175,13.327,10,5,6,6,3,1.641,3.516,3.54,3,77,9.354,11.687,12.526,5,4,Once a week,NA,Medical innovation,2,high,mobile
3,285,TRUE,2022-12-19T13:41:01Z,R_egGtXLGm77RgZk5,yes,3,1366x768,17.26,17.26,159.818,1,6.152,21.55,22.972,6,2,3,6,6,5.962,5.962,8.279,1,19,9.613,11.4,13.134,2,6,Other,I have read this text carefully,Medical innovation,3,low,NA
4,114,TRUE,2022-12-19T13:41:04Z,R_2X5Op0xlE7yeoh6,yes,4,1440x900,2.763,16.012,16.642,2,5.325,34.974,35.984,8,3,5,4,6,2.633,2.633,4.698,1,21,7.248,8.104,8.875,2,6,2-3 times a week,NA,Medical innovation,4,low,NA
5,244,TRUE,2022-12-19T13:41:34Z,R_xFdhV4mv2yPuPjr,yes,5,2560x1440,6.857,8.377,154.285,2,12.863,27.398,28.21,5,6,7,7,4,4.032,4.032,4.692,1,87,7.447,7.447,10.73,1,7,Other,I have read this text carefully,Medical innovation,5,high,NA
6,102,TRUE,2022-12-19T13:41:43Z,R_2y7w41iXmUm4cbC,yes,6,1280x720,0,0,4.799,0,3.944,13.22,14.635,5,5,4,5,4,3.301,3.301,4.541,1,43,2.401,3.967,5.19,2,5,Other,I have read this text carefully,HR technology,6,high,NA
7,345,TRUE,2022-12-19T13:42:11Z,R_2bW8Iiv5Ah2ndOU,yes,7,1280x720,19.595,19.595,239.203,1,3.259,14.195,16.725,6,5,7,5,3,4.433,4.433,5.625,1,71,16.559,16.559,18.616,1,6,Other,I have read this text carefully,Medical innovation,7,low,NA
8,94,TRUE,2022-12-19T13:42:26Z,R_3HCdIAoS7giqcDG,yes,8,1536x864,5.556,5.556,22.835,1,9.9,23.342,24.277,6,5,6,3,2,2.058,2.058,2.792,1,82,11.275,12.715,13.355,3,5,Other,I have red this text carefulle,Medical innovation,8,low,NA
9,257,TRUE,2022-12-19T13:43:02Z,R_1C4vrpMSosWPZvo,yes,9,360x747,0.679,16.182,176.231,4,7.59,21.433,21.902,19,2,4,2,3,3.503,3.503,4.005,1,45,4.173,6.077,6.767,3,5,Other,I have read this text carefully,Medical innovation,9,low,mobile
10,187,TRUE,2022-12-19T13:43:43Z,R_2zoKDSJCwEeykan,yes,10,1280x720,15.456,17.406,60.005,2,4.01,31.663,32.949,10,6,7,3,3,3.685,3.685,4.421,1,76,4.748,4.748,5.679,1,6,Other,I have read this text carefully,Medical innovation,10,high,NA
11,283,TRUE,2022-12-19T13:44:40Z,R_8AhpBokQofAPkCR,yes,11,1920x1080,5.701,5.701,214.997,1,2.786,11.411,12.336,10,3,5,7,1,2.24,2.24,3.301,1,94,4.632,9.633,10.102,6,6,Other,I have read this text carefully,Medical innovation,11,low,NA
12,241,TRUE,2022-12-19T13:45:17Z,R_3J8Hx9wvj4ZnnyG,yes,12,1366x768,14.864,14.864,113.493,1,4.574,16.938,18.177,6,5,5,6,5,3.675,3.675,4.339,1,95,3.973,3.973,5.468,1,6,Other,I have read this text carefully,Medical innovation,12,high,NA
13,336,TRUE,2022-12-19T13:45:24Z,R_VUuYqQA2kKQMzNn,yes,13,1536x960,13.647,13.647,221.827,1,6.582,18.192,19.424,4,5,4,5,5,4.179,4.179,4.999,1,78,5.977,7.373,8.659,2,6,Other,I have read this text carefully,Medical innovation,13,low,NA
14,373,TRUE,2022-12-19T13:45:31Z,R_3ORXQHexWctwFzj,yes,14,1536x864,9.009,9.009,283.482,1,13.355,25.471,27.203,5,4,4,4,3,6.817,6.817,7.689,1,70,9.721,9.721,11.168,1,5,Every day,NA,Medical innovation,14,high,NA
15,400,TRUE,2022-12-19T13:46:14Z,R_1QDAWuLT0Sxtip2,yes,15,1280x720,19.939,19.939,281.782,1,5.349,21.303,22.336,4,5,5,4,5,6.245,6.245,9.676,1,60,7.229,7.9,8.85,2,6,Other,I have read this text carefully,Medical innovation,15,high,NA
16,238,TRUE,2022-12-19T13:47:16Z,R_3j1obt0JQBSKoFG,yes,16,1440x960,8.099,8.099,152.063,1,2.455,12.726,15.481,5,5,5,4,5,2.284,4.541,5.521,2,73,3.304,4.5,5.506,2,6,Other,I have read this text carefully,Medical innovation,16,high,NA
17,233,TRUE,2022-12-19T13:47:33Z,R_3nCoDmfHi16nAER,yes,17,810x1080,4.218,4.218,47.484,1,3.818,11.662,12.414,7,3,5,3,6,4.982,4.982,5.739,1,38,3.822,10.018,10.665,6,6,Other,I have read this text carefully.,Medical innovation,17,low,NA
18,181,TRUE,2022-12-19T13:47:57Z,R_9X2hZxMBGQH5eWR,yes,18,1920x1080,3.922,3.922,78.273,1,4.821,18.982,19.758,5,3,6,3,1,3.049,4.541,5.407,3,100,46.368,46.368,47.307,1,5,Once a week,NA,Medical innovation,18,high,NA
19,202,TRUE,2022-12-19T13:48:58Z,R_2y257QKJoYzdrF5,yes,19,1440x900,18.031,111.125,112.544,3,2.857,13.364,14.201,5,1,1,1,6,3.375,3.375,4.525,1,9,12.309,12.309,13.068,1,5,Other,I have read this text carefully,Medical innovation,19,low,NA
20,346,TRUE,2022-12-19T13:49:18Z,R_2rBccu8TeFciicF,yes,20,810x1080,19.094,19.094,244.646,1,9.584,21.597,22.118,7,3,4,7,5,4.429,4.429,5.664,1,42,7.109,7.741,8.285,2,7,Other,I have read this text carefully,Medical innovation,20,high,NA
21,119,TRUE,2022-12-19T13:49:27Z,R_XM5Q3ugJMzLk3kJ,yes,21,2560x1440,5.595,5.595,11.262,1,10.046,37.12,38.296,10,2,1,1,2,3.411,3.411,4.142,1,0,26.081,26.081,26.598,1,6,Every day,NA,Medical innovation,21,low,NA
22,491,TRUE,2022-12-19T13:49:50Z,R_1cUglgbBYOsrcOu,yes,22,375x667,4.699,280.936,306.296,4,7.627,38.401,39.452,24,4,5,5,4,5.211,8.276,9.708,2,39,11.001,13.552,14.982,5,6,Other,I have read this text carefully,Medical innovation,22,low,mobile
23,333,TRUE,2022-12-19T13:50:18Z,R_xDU3yN09fL9EGOd,yes,23,1440x900,24.012,24.012,229.772,1,4.613,16.139,16.89,7,1,2,5,6,2.842,4.402,5.753,4,21,6.322,6.821,7.678,2,4,Other,I have read this text carefully,Medical innovation,23,low,NA
24,348,TRUE,2022-12-19T13:50:40Z,R_2EhNVk8SjNweRIo,yes,24,360x780,6.044,8.353,175.166,3,3.387,15.308,15.903,18,6,7,7,2,2.283,2.283,2.904,1,100,0.589,8.45,8.88,5,6,Never,NA,Medical innovation,24,high,mobile
25,148,TRUE,2022-12-19T13:50:58Z,R_1jjmBRD9YOVJlyL,yes,25,375x667,2.556,8.376,68.759,2,1.619,17.138,18.419,11,5,6,2,4,2.374,3.777,4.261,2,74,4.176,6.728,7.971,3,4,Other,I have read this text carefully,Medical innovation,25,low,mobile
26,90,TRUE,2022-12-19T13:51:21Z,R_2dsQEv9GrQ6YX5Q,yes,26,390x844,0.68,2.031,2.053,3,1.756,9.091,9.735,11,6,4,5,4,1.401,3.53,3.987,3,68,0.396,2.887,3.791,3,5,Other,I have read this text carefully,HR technology,26,high,mobile
27,154,TRUE,2022-12-19T13:51:23Z,R_3j7i2RW4ZAo6lwI,yes,27,1440x900,4.15,4.15,71.123,1,4.529,14.187,15.594,4,5,5,4,6,4.844,4.844,5.822,1,26,6.546,6.546,7.348,1,6,Other,I have read this text carefully,Medical innovation,27,low,NA
28,125,TRUE,2022-12-19T13:51:35Z,R_1mt75dKvWvjnfKC,yes,28,1280x720,25.09,53.01,54.626,4,5.78,13.001,13.784,7,6,6,3,1,2.585,2.585,3.496,1,68,2.693,2.693,3.298,1,6,Once a week,NA,Medical innovation,28,low,NA
29,222,TRUE,2022-12-19T13:51:58Z,R_2PujZ24EnrQEh1Q,yes,29,1512x982,7.513,7.513,123.563,1,9.052,24.392,25.089,7,7,6,5,3,2.446,2.446,3.333,1,21,19.08,19.08,19.904,1,6,Other,I have read this text carefully,Medical innovation,29,high,NA
30,236,TRUE,2022-12-19T13:52:13Z,R_1ddiqs55bMK3CyG,yes,30,414x896,3.369,142.657,144.243,3,2.009,30.038,31.322,21,2,2,5,1,3.074,3.074,3.564,1,96,5.169,6.442,7.141,3,6,Other,I have read this text carefully,Medical innovation,30,low,mobile
31,297,TRUE,2022-12-19T13:52:17Z,R_2X6iSx5DVRPOwiU,yes,31,1536x864,12.784,12.784,203.947,1,2.635,11.517,12.549,7,4,7,7,6,2.718,2.718,4.375,1,53,6.582,6.582,7.974,1,4,Other,I have read this text carefully,Medical innovation,31,high,NA
32,173,TRUE,2022-12-19T13:52:23Z,R_1JXTNcv5Pmafh6W,yes,32,1920x1080,12.336,12.336,95.927,1,6.728,14.479,15.535,6,5,5,6,3,3.83,3.83,4.828,1,18,6.764,6.764,7.561,1,4,Other,I have read this text carefully,Medical innovation,32,high,NA
33,349,TRUE,2022-12-19T13:52:30Z,R_2QX9URiRhp94JE5,yes,33,1440x900,28.371,28.371,113.801,1,5.789,30.6,31.414,6,4,6,6,3,5.257,7.416,8.712,2,12,9.475,9.475,10.425,1,6,Other,I have read this text carefully,Medical innovation,33,high,NA
34,896,TRUE,2022-12-19T13:52:38Z,R_el1SUNbbmZJcOc1,yes,34,1680x1050,11.825,11.825,454.15,1,1.495,11.299,12.136,5,5,6,6,5,2.052,3.373,4.964,3,6,1.463,3.941,4.881,4,5,Other,I have read this text carefully,Medical innovation,34,high,NA
35,346,TRUE,2022-12-19T13:52:44Z,R_1kFgIZkqCK3G9IC,yes,35,1920x1080,14.516,14.516,249.613,1,15.258,39.359,40.249,4,4,7,7,5,4.216,4.216,5.11,1,85,6.977,8.28,9.381,3,7,4-6 times a week,NA,Medical innovation,35,low,NA
36,161,TRUE,2022-12-19T13:52:44Z,R_OIic3nfgQOM48Ip,yes,36,1920x1080,2.807,2.807,11.412,1,18.086,33.297,34.034,5,6,6,5,5,5.361,5.361,6.478,1,73,9.86,9.86,10.585,1,4,Other,I have read this text carefully,HR technology,36,low,NA
37,276,TRUE,2022-12-19T13:52:54Z,R_3HS6Nv6W4YA2FTu,yes,37,1184x666,21.422,21.422,157.154,1,7.666,14.074,16.127,4,5,5,5,6,4.972,4.972,6.394,1,7,13.012,13.012,14.661,1,4,Other,I have read this text carefully,Medical innovation,37,high,NA
38,224,TRUE,2022-12-19T13:53:04Z,R_Z91Xs5DFgX5wveN,yes,38,1680x1050,14.263,16.996,151.344,2,3.781,14.315,15.253,5,3,3,2,4,3.767,3.767,4.537,1,32,4.714,4.714,5.367,1,6,Other,I have read this text carefully,Medical innovation,38,low,NA
39,136,TRUE,2022-12-19T13:53:27Z,R_3j3tomHp0WH02qB,yes,39,390x844,3.712,9.111,58.043,3,4.93,20.476,21.696,14,5,5,6,3,3.614,4.349,5.134,2,77,6.881,8.662,9.3,3,7,4-6 times a week,NA,Medical innovation,39,low,mobile
40,350,TRUE,2022-12-19T13:53:37Z,R_3MEyYrO5fedUfQS,yes,40,820x1180,10,207.72,208.971,5,2.588,17.263,18.304,13,5,3,3,7,3.3,8.899,9.962,3,3,20.852,20.852,22.04,1,3,Other,I have read this text carefully,Medical innovation,40,low,NA
41,130,TRUE,2022-12-19T13:53:40Z,R_1LItDC8SFwwriHK,yes,41,414x736,1.596,11.848,60.253,3,2.467,18.42,19.327,15,5,6,5,2,1.496,1.496,2.445,1,80,1.578,4.56,5.153,3,5,2-3 times a week,NA,Medical innovation,41,high,mobile
42,412,TRUE,2022-12-19T13:53:47Z,R_1QKHMRTeooyb670,yes,42,390x844,4.234,285.562,286.421,7,3.031,12.746,13.423,15,5,6,6,3,1.885,4.285,4.687,4,94,5.192,6.692,7.299,3,5,Other,I have read this text carefully,Medical innovation,42,high,mobile
43,327,TRUE,2022-12-19T13:54:00Z,R_2e3ADRJzkck43Uw,yes,43,414x896,3.471,16.804,247.471,3,5.323,18.061,19.02,12,6,6,6,4,3,3,4.559,1,86,5.741,6.627,7.31,2,6,Once a week,NA,Medical innovation,43,high,mobile
44,380,TRUE,2022-12-19T13:54:01Z,R_1dbDli0tZNN3v3L,yes,44,1366x768,11.87,46.345,58.745,2,5.352,106.692,111.222,5,5,7,7,2,3.699,5.529,6.61,2,93,31.357,31.357,32.555,1,7,Other,I have read this text carefully.,Medical innovation,44,high,NA
45,317,TRUE,2022-12-19T13:54:06Z,R_1oyS84HtivXhMyk,yes,45,360x800,3.754,14.046,185.701,6,5.719,27.323,28.539,24,5,5,5,6,3.028,4.117,5.779,2,36,7.479,9.484,10.436,4,6,Other,I have read this text carefully,Medical innovation,45,low,mobile
46,476,TRUE,2022-12-19T13:54:09Z,R_1EbQ8sM26xiUWfv,yes,46,1920x1080,25.856,25.856,329.39,1,10.078,21.413,22.354,4,4,5,4,4,6.919,10.463,11.619,2,75,9.678,10.901,12.497,2,6,Other,I have read this text carefully,Medical innovation,46,low,NA
47,446,TRUE,2022-12-19T13:54:25Z,R_4IwimaFkJOpgS6B,yes,47,1920x1080,10.784,10.784,289.859,1,9.109,22.461,25.011,4,3,3,5,4,7.328,7.328,9.909,1,65,9.365,9.365,11.066,1,5,Other,' I have read this text carefully',Medical innovation,47,low,NA
48,119,TRUE,2022-12-19T13:54:36Z,R_31zyhl3hcUDDFeB,yes,48,1536x864,5.221,5.221,57.615,1,5.82,15.895,18.012,7,2,4,5,3,3.292,3.292,4.659,1,27,10.662,10.662,12.019,1,5,Once a week,NA,Medical innovation,48,low,NA
49,134,TRUE,2022-12-19T13:55:21Z,R_28SbrpUSlLwoB3E,yes,49,428x926,8.005,8.005,66.535,1,2.989,18.069,18.796,18,3,3,5,5,6.034,6.986,7.856,2,30,2.862,4.775,6.135,2,3,Other,Occasionally,Medical innovation,49,high,mobile
50,110,TRUE,2022-12-19T13:55:37Z,R_3qkDs9nlJwqTCse,yes,50,1280x720,2.02,5.323,55.533,2,3.145,13.385,14.739,11,4,2,4,6,1.941,1.941,3.088,1,25,4.783,4.783,5.654,1,4,4-6 times a week,NA,Medical innovation,50,high,NA
51,182,TRUE,2022-12-19T13:55:44Z,R_0k5DuiFdLCNAM5r,yes,51,2560x1440,2.152,2.152,111.408,1,6.279,17.232,18.52,4,5,5,4,5,5.231,5.231,6.551,1,65,13.274,13.274,14.26,1,4,Once a week,NA,Medical innovation,51,low,NA
52,332,TRUE,2022-12-19T13:56:04Z,R_pE2J6cnXT3hI7o5,yes,52,1440x900,13.385,13.385,200.595,1,3.827,15.3,15.99,6,4,3,6,5,3.727,3.727,4.471,1,45,25.023,26.898,27.374,4,5,Other,I have read this text carefully,Medical innovation,52,low,NA
53,211,TRUE,2022-12-19T13:56:18Z,R_3nibG9zpBrUziKZ,yes,53,1366x768,23.954,23.954,41.067,1,9.398,42.006,44.034,5,5,3,5,6,10.95,11.837,12.62,2,78,13.601,13.601,14.367,1,5,Other,I have read this text carefully,Medical innovation,53,low,NA
54,148,TRUE,2022-12-19T13:56:19Z,R_TbjZtuOA0D9F9kt,yes,54,1920x1080,3.36,44.836,56.657,3,2.042,14.939,15.789,15,2,3,3,2,2.401,2.401,2.956,1,96,4.586,4.586,5.484,1,5,Other,NA,Medical innovation,54,low,NA
55,164,TRUE,2022-12-19T13:56:33Z,R_2UXlfxOdOAm2LVv,yes,55,1280x720,8.531,11.602,15.587,3,20.132,32.477,36.441,7,6,6,7,7,1.899,2.576,3.57,2,90,4.685,4.685,32.269,1,6,Every day,NA,Medical innovation,55,low,NA
56,524,TRUE,2022-12-19T13:56:41Z,R_2g9ko2mrEYwgash,yes,56,1920x1080,21.065,21.065,339.167,1,1.243,17.308,18.368,7,7,5,6,3,4.531,6.213,6.868,2,37,8.165,8.165,13.874,1,6,Other,I have read this text carefully,Medical innovation,56,high,NA
57,118,TRUE,2022-12-19T13:57:03Z,R_1jZnli5H26S5V8B,yes,57,1680x1050,5.896,6.542,13.683,2,5.045,24.69,38.159,7,5,3,6,2,3.498,3.498,4.574,1,26,17.732,17.732,19.129,1,3,Other,I have read this text carefully,Medical innovation,57,high,NA
58,142,TRUE,2022-12-19T13:57:04Z,R_3Dhs6lRL1mxFRkd,yes,58,414x896,3.034,9.538,51.388,3,1.674,29.198,30.081,20,5,4,5,4,6.753,6.753,8.187,1,45,3.678,10.067,10.843,5,6,Once a week,NA,Medical innovation,58,low,mobile
59,377,TRUE,2022-12-19T13:57:27Z,R_25swPKzXIVGvnZd,yes,59,1920x1080,54.668,54.668,160.536,1,3.993,24.935,27.682,8,3,6,2,4,4.455,4.455,37.356,1,28,64.35,64.35,65.102,1,5,Other,I have read this text carefully,Medical innovation,59,low,NA
60,165,TRUE,2022-12-19T13:57:30Z,R_2alAMFNMf5rdc6H,yes,60,1920x1080,10.49,10.49,69.651,1,4.769,10.833,12.82,5,6,6,5,2,2.949,2.949,3.763,1,78,5.558,6.097,6.869,2,5,Other,I have read this text carefully,Medical innovation,60,high,NA
61,221,TRUE,2022-12-19T13:57:42Z,R_1IzxnbW29IbtLVl,yes,61,1920x1080,23.626,23.626,117.454,1,5.887,27.407,28.396,8,4,4,3,7,4.778,4.778,5.853,1,32,7.339,7.339,8.59,1,4,Other,I have read this text carefullly,Medical innovation,61,high,NA
62,110,TRUE,2022-12-19T13:57:44Z,R_OEjFBMJi2g85cel,yes,62,375x667,0.858,0.858,2.662,1,5.247,20.313,21.201,15,6,3,4,6,1.773,5.004,6.011,4,20,7.773,10.272,11.474,4,6,Other,I have read this text carefully,Medical innovation,62,low,mobile
63,374,TRUE,2022-12-19T13:58:52Z,R_2xRCEvRoniDWek7,yes,63,1536x864,19.116,19.116,267.9,1,3.826,24.466,28.762,7,4,3,4,7,3.284,3.284,5.129,1,11,10.271,11.429,14.649,2,4,Other,I have read this text carefully,Medical innovation,63,high,NA
64,325,TRUE,2022-12-19T13:58:59Z,R_3PFiWysPrqWwhxj,yes,64,1440x900,12.031,12.031,214.249,1,5.901,14.208,14.994,5,4,6,5,3,3.782,3.782,4.787,1,66,9.127,9.824,10.735,2,5,Other,I have read this text carefully,Medical innovation,64,low,NA
65,307,TRUE,2022-12-19T13:59:13Z,R_3GwcU464lqfQyAa,yes,65,414x896,5.078,9.695,213.73,2,2.262,18.543,19.3,19,6,7,7,4,3.449,3.449,5.046,1,83,6.224,7.509,8.077,3,7,Other,I have read this text carefully,Medical innovation,65,high,mobile
66,166,TRUE,2022-12-19T13:59:20Z,R_1QH2H8Rr7kVlz57,yes,66,1366x768,6.904,113.421,114.677,2,2.821,11.668,12.312,5,6,6,6,2,1.85,4.171,4.935,4,92,1.59,1.59,2.468,1,6,Once a week,NA,Medical innovation,66,high,NA
67,310,TRUE,2022-12-19T13:59:33Z,R_8bKqSGVqDm6Dv3z,yes,67,412x892,15.808,15.808,91.816,1,1.432,9.567,9.906,11,6,5,7,7,3.04,3.04,4.003,1,21,4.795,8.285,9.176,3,5,Other,I have read this text carefully,Medical innovation,67,low,mobile
68,172,TRUE,2022-12-19T13:59:41Z,R_2uTVBHIEzD2u5lm,yes,68,1440x900,15.961,15.961,62.106,1,4.243,32.646,33.541,7,6,5,4,5,4.341,4.341,5.626,1,19,6.142,6.142,7.002,1,5,Other,I have read this text carefully,Medical innovation,68,low,NA
69,166,TRUE,2022-12-19T13:59:49Z,R_3MoPl5fHpftsBSH,yes,69,2048x1152,3.293,3.293,108.614,1,3.858,15.577,16.403,5,6,6,5,4,3.313,3.313,3.891,1,87,8.277,8.277,9.294,1,3,Once a week,NA,Medical innovation,69,high,NA
70,159,TRUE,2022-12-19T13:59:51Z,R_2rjheLOVtEAZssF,yes,70,1366x768,12.58,12.58,81.627,1,2.328,9.752,10.699,5,7,7,7,7,3.624,4.977,6.259,3,64,5.751,5.751,6.665,1,6,Other,I have read this text carefully,Medical innovation,70,high,NA
71,245,TRUE,2022-12-19T14:00:01Z,R_1FQCODcrPTtKjr4,yes,71,414x896,5.332,8.162,124.801,3,3.115,22.911,24.322,12,4,2,5,5,3.559,5.6,6.739,3,27,7.694,12.526,13.787,6,5,Other,I have read this text carefully,Medical innovation,71,low,mobile
72,374,TRUE,2022-12-19T14:00:06Z,R_CdXvOg9oizfcEtH,yes,72,1920x1080,21.302,234.133,235.22,2,7.752,23.204,24.297,8,4,5,5,3,5.821,5.821,6.789,1,48,8.608,10.972,12.161,2,5,Every day,NA,Medical innovation,72,high,NA
73,142,TRUE,2022-12-19T14:00:12Z,R_3esNN9sFv8T9E1a,yes,73,1680x1050,4.773,19.278,20.698,2,6.107,29.188,30.203,5,5,3,6,3,3.64,3.64,4.657,1,16,30.872,31.566,32.63,2,2,Other,I have read this text carefully,Medical innovation,73,high,NA
74,255,TRUE,2022-12-19T14:00:25Z,R_2uKFKIwIPcmz7QZ,yes,74,1600x1200,8.037,8.037,156.941,1,4.672,16.815,18.617,8,6,7,6,1,3.002,3.002,3.92,1,100,4.947,4.947,5.826,1,6,Other,I have read this text carefully,Medical innovation,74,high,NA
75,195,TRUE,2022-12-19T14:00:28Z,R_2CjMa12HD2XizKS,yes,75,1920x1080,4.636,4.636,116.043,1,5.749,20.858,21.511,6,4,7,5,2,3.585,4.101,4.387,2,85,7.79,8.049,9.108,2,5,Other,I have read this text carefully,Medical innovation,75,low,NA
76,500,TRUE,2022-12-19T14:00:34Z,R_1qTY59PBjujcxh3,yes,76,1366x768,20.287,20.287,311.004,1,8.374,20.02,21.109,11,5,6,4,5,3.917,3.917,5.357,1,29,7.484,7.484,8.28,1,5,Other,I have read this text carefully.,Medical innovation,76,high,NA
77,178,TRUE,2022-12-19T14:00:50Z,R_27yeaqFLtbB6xU6,yes,77,360x780,6.055,9.067,30.151,2,3.249,16.125,16.77,16,4,3,3,6,6.24,6.24,6.786,1,23,8.358,9.394,10.128,2,4,Other,I have read this text carefully,Medical innovation,77,low,mobile
78,166,TRUE,2022-12-19T14:01:03Z,R_1d5MBj8RdZii8GX,yes,78,1920x1080,5.004,5.004,98.573,1,5.501,14.235,14.913,8,6,4,6,7,2.643,2.643,3.36,1,5,4.995,6.316,6.594,3,5,Other,i have read this text carefully,Medical innovation,78,high,NA
79,291,TRUE,2022-12-19T14:01:15Z,R_3kgFB1itrRtzpUc,yes,79,1280x1024,8.591,8.591,186.104,1,6.997,22.788,23.73,10,4,5,5,6,3.496,3.496,4.344,1,37,5.8,5.8,6.693,1,4,Other,I have read this text carefully,Medical innovation,79,high,NA
80,91,TRUE,2022-12-19T14:01:17Z,R_32WUeO7xFZu0tFU,yes,80,412x892,0,0,24.458,0,2.268,18.498,19.083,18,1,2,2,6,1.623,1.623,2.183,1,27,5.763,25.633,26.225,4,3,2-3 times a week,NA,Medical innovation,80,low,mobile
81,149,TRUE,2022-12-19T14:01:32Z,R_1EiBPihp4dJcqbM,yes,81,412x915,7.494,7.494,41.548,1,1.811,18.249,18.584,13,6,2,2,3,2.736,2.736,3.771,1,27,5.652,6.077,6.606,2,3,Other,I have read this text carefully,Medical innovation,81,low,mobile
82,122,TRUE,2022-12-19T14:01:46Z,R_2f21NlBZBgXkxGq,yes,82,1600x900,8.539,11.731,47.199,2,4.573,12.973,13.832,4,5,5,3,3,2.617,2.617,3.919,1,15,5.848,5.848,6.825,1,5,Other,I have read this text carefully,Medical innovation,82,high,NA
83,226,TRUE,2022-12-19T14:01:58Z,R_1HodkycwBzMQsIG,yes,83,1280x720,1.069,123.693,124.534,4,4.489,15.337,16.307,4,5,6,6,2,10.996,10.996,11.979,1,88,9.217,9.217,10.447,1,6,Other,'I have read this text carefully',Medical innovation,83,high,NA
84,341,TRUE,2022-12-19T14:02:08Z,R_2ZE66wtSGk5Dgqn,yes,84,390x844,6.919,12.601,248.249,2,8.933,22.375,23.418,13,4,6,3,6,2.562,4.268,5.087,3,22,5.322,9.246,9.767,2,5,Other,I have read this text carefully,Medical innovation,84,low,mobile
85,178,TRUE,2022-12-19T14:02:27Z,R_3GfHErGNdnYytEg,yes,85,1440x900,7.586,7.586,90.178,1,6.487,16.439,17.152,5,4,5,6,7,2.936,4.979,6.058,3,12,26.732,26.732,27.567,1,6,Once a week,NA,Medical innovation,85,high,NA
86,147,TRUE,2022-12-19T14:02:40Z,R_3kpO3QHLhAjATlD,yes,86,1920x1080,16.133,16.133,44.062,1,8.068,22.738,23.59,5,5,7,7,5,4.535,4.535,12.774,1,67,9.118,9.118,9.955,1,5,Once a week,NA,Medical innovation,86,high,NA
87,297,TRUE,2022-12-19T14:02:41Z,R_1dE1k1AwIkaLFcJ,yes,87,1366x768,9.711,191.055,194.334,2,6.232,17.667,19.276,4,5,3,4,5,5.196,5.196,6.248,1,44,5.841,5.841,6.828,1,6,Other,I have read this text carefully,Medical innovation,87,low,NA
88,163,TRUE,2022-12-19T14:02:44Z,R_3rMR2DXZYOD4flj,yes,88,1366x768,8.443,8.443,53.461,1,7.979,17.491,18.212,6,5,6,2,2,2.226,2.226,3.081,1,80,6.559,8.171,8.931,2,5,Other,I have read this text carefully,Medical innovation,88,low,NA
89,119,TRUE,2022-12-19T14:02:49Z,R_2f1B9hFFP3T3yAP,yes,89,3440x1440,12.965,12.965,24.635,1,6.951,14.962,15.525,16,4,2,3,3,2.021,2.503,3.539,2,26,2.03,3.927,4.165,6,3,Other,I have read this text carefully,Medical innovation,89,high,NA
90,373,TRUE,2022-12-19T14:02:49Z,R_WkfvWUxXyw0V7K9,yes,90,1366x768,12.345,12.345,280.375,1,7.906,22.531,23.597,6,5,6,6,2,2.653,2.653,3.68,1,84,5.933,5.933,6.937,1,7,Other,I have read this text carefully,Medical innovation,90,low,NA
91,436,TRUE,2022-12-19T14:02:59Z,R_0AJAXR417s9kwSZ,yes,91,1920x1080,19.188,19.188,343.889,1,7.961,18.592,19.223,6,4,4,5,5,5.867,5.867,6.51,1,56,16.217,18.736,19.41,2,4,4-6 times a week,NA,Medical innovation,91,high,NA
92,328,TRUE,2022-12-19T14:03:14Z,R_1JDeVjjWOor6TMe,yes,92,1440x900,12.477,12.477,183.975,1,8.33,22.266,23.355,5,4,4,4,5,2.49,3.196,5.855,2,44,15.598,15.598,16.5,1,5,Other,I have read this text carefully,Medical innovation,92,low,NA
93,362,TRUE,2022-12-19T14:03:15Z,R_2X4XrojLxLJ879X,yes,93,414x896,7.384,252.948,258.776,3,8.146,25.528,27.031,11,5,6,7,4,5.687,7.987,9.512,3,70,5.589,8.482,9.536,3,5,Other,I have read this text carefully,Medical innovation,93,high,mobile
94,69,TRUE,2022-12-19T14:03:30Z,R_2CEs10uz6yfwnFA,yes,94,414x896,0,0,1.33,0,3.535,13.02,14.072,16,5,4,4,3,1.934,1.934,2.265,1,76,3.292,5.286,5.959,5,5,Other,I have read this text carefully,Public safety,94,low,mobile
95,453,TRUE,2022-12-19T14:03:30Z,R_qQpkibS05AbiqOt,yes,95,1366x768,9.987,11.547,313.852,2,6.525,23.674,24.809,6,5,5,6,6,5.207,5.207,6.65,1,16,8.098,8.098,10.16,1,6,Other,I have read this text carefully,Medical innovation,95,high,NA
96,498,TRUE,2022-12-19T14:03:30Z,R_3QJDtE2L3X96uHd,yes,96,414x897,14.066,14.066,17.432,1,8.129,31.623,32.926,22,2,2,4,4,4.458,7.685,8.801,4,25,13.226,17.529,18.362,3,4,Every day,NA,Medical innovation,96,low,mobile
97,456,TRUE,2022-12-19T14:03:34Z,R_2aVNXwSNlwvjPM6,yes,97,1440x900,19.114,19.114,202.842,1,16.946,40.892,41.709,6,5,5,5,2,4.799,4.799,15.23,1,57,129.82,132.347,133.896,3,4,4-6 times a week,NA,Medical innovation,97,high,NA
98,91,TRUE,2022-12-19T14:04:10Z,R_3MFlcuDYy85tPfz,yes,98,1920x1080,0,0,4.921,0,8.627,14.403,15.145,4,4,5,4,4,3.299,3.299,3.967,1,63,5.186,5.186,5.821,1,4,Other,I have read this text carefully,HR technology,98,low,NA
99,182,TRUE,2022-12-19T14:04:13Z,R_2f8N7FZOGK8YCTU,yes,99,384x854,1.275,5.081,127.016,2,2.023,9.989,10.772,17,1,1,1,7,1.046,1.046,1.702,1,0,4.79,6.63,7.279,3,4,Other,I have read this text carefully,Medical innovation,99,low,mobile
100,159,TRUE,2022-12-19T14:04:16Z,R_3qf0quVMODiutO9,yes,100,390x844,0.505,1.824,72.511,2,2.467,18.944,19.62,16,4,5,4,2,2.669,3.187,3.725,2,80,5.528,9.52,10.073,7,6,Other,I have read this text carefully,Medical innovation,100,high,mobile
101,176,TRUE,2022-12-19T14:04:17Z,R_A4n7YX8fK3iS2Pf,yes,101,360x740,4.492,9.032,70.323,3,1.736,23.072,24.102,18,5,5,5,4,2.538,6.239,7.068,3,58,3.658,8.596,9.654,7,5,Other,I have read this text carefully,Medical innovation,101,low,mobile
102,155,TRUE,2022-12-19T14:04:19Z,R_poamK3dUa758xlT,yes,102,2240x1260,15.812,15.812,74.838,1,3.054,13.505,13.916,9,6,5,6,7,11.548,11.548,12.422,1,63,11.247,11.814,12.357,2,5,2-3 times a week,NA,Medical innovation,102,low,NA
103,117,TRUE,2022-12-19T14:04:33Z,R_usm2f7w40yTB0Pv,yes,103,1366x768,0,0,7.899,0,4.699,13.585,15.158,5,7,7,7,4,3.8,4.954,6.107,2,52,5.951,5.951,7.16,1,4,Other,I have read this text carefully,HR technology,103,high,NA
104,148,TRUE,2022-12-19T14:04:35Z,R_2y1KZNPw2q2eBlx,yes,104,2560x1440,8.106,8.106,88.972,1,2.416,16.61,17.53,7,5,5,6,2,4.334,4.334,5.524,1,57,4.536,4.536,5.449,1,5,Once a week,NA,Medical innovation,104,high,NA
105,236,TRUE,2022-12-19T14:04:50Z,R_3gL2cD1URkD2NSm,yes,105,1366x768,3.726,14.418,146.816,4,4.201,18.351,19.041,5,5,7,7,5,2.252,2.252,2.754,1,100,28.333,28.333,29.101,1,5,Other,I have read this text carefully,Medical innovation,105,high,NA
106,174,TRUE,2022-12-19T14:04:52Z,R_29sTdRRQh3QzbBu,yes,106,1440x900,16.975,16.975,87.933,1,5.161,14.903,15.675,6,5,6,4,6,4.01,4.01,4.901,1,26,6.396,6.396,7.634,1,5,Other,I have read this text carefully,Medical innovation,106,high,NA
107,254,TRUE,2022-12-19T14:05:09Z,R_1MRKsyCcIbCMzIV,yes,107,1920x1080,0,0,11.542,0,17.929,53.616,54.353,5,5,5,5,4,5.107,5.107,5.797,1,70,12.923,12.923,13.644,1,5,Other,I have read this text carefully,Medical innovation,107,high,NA
108,246,TRUE,2022-12-19T14:05:20Z,R_2DP4QMH4saTX5pN,yes,108,1536x864,2.356,2.356,144.535,1,3.888,13.848,14.761,4,4,5,5,6,3.991,7.52,8.39,4,42,5.51,5.51,6.625,1,5,Other,I have read this text carefully,Medical innovation,108,high,NA
109,307,TRUE,2022-12-19T14:05:20Z,R_8GiYXnq2F2MnyrD,yes,109,1728x1117,0,0,1.265,0,18.551,24.399,24.8,6,3,4,5,5,0.813,0.813,2.271,1,70,0.669,1.879,2.312,3,5,2-3 times a week,NA,Medical innovation,109,high,NA
110,344,TRUE,2022-12-19T14:05:27Z,R_12QloMwyqI0MlWS,yes,110,1440x900,24.419,24.419,244.322,1,3.435,12.686,15.195,6,4,2,5,3,2.682,9.465,10.172,2,58,5.462,5.462,6.57,1,6,Other,I have read this text carefully,Medical innovation,110,low,NA
111,199,TRUE,2022-12-19T14:05:32Z,R_29mKz3YJXOvT3IO,yes,111,393x873,2.637,9.488,121.977,2,4.232,15.819,16.408,16,5,7,7,3,2.027,2.027,2.503,1,35,5.198,5.937,6.484,2,4,Other,I have read this text carefully,Medical innovation,111,low,mobile
112,378,TRUE,2022-12-19T14:05:42Z,R_1CIQj3COWc9pcWY,yes,112,1366x768,17.736,248.703,250.644,2,4.92,19.362,20.66,6,5,6,5,6,6.183,8.911,11.157,2,26,6.605,6.605,7.96,1,5,Other,"""I have read this text carefully""",Medical innovation,112,low,NA
113,104,TRUE,2022-12-19T14:05:52Z,R_3g7AXBJmiqfF1q8,yes,113,1280x800,1.566,41.223,43.613,3,2.364,7.457,8.196,10,2,2,2,4,2.58,2.58,3.112,1,27,3.661,4.185,4.892,2,3,Other,I have read this text carefully,Medical innovation,113,high,NA
114,342,TRUE,2022-12-19T14:05:55Z,R_1juOgUUIuv0ktlW,yes,114,1536x864,9.371,9.371,266.527,1,6.001,19.769,21.015,5,3,5,4,5,2.098,2.515,4.259,2,1,7.045,9.102,9.524,4,6,Other,I have read this text carefully,Medical innovation,114,high,NA
115,256,TRUE,2022-12-19T14:05:59Z,R_3R1H61r7DR9fBhV,yes,115,1366x768,29.399,164.34,165.97,2,3.847,20.751,21.474,9,5,6,6,3,2.567,7.073,7.803,3,71,8.386,8.386,9.024,1,5,Other,I have read this text carefully,Medical innovation,115,high,NA
116,230,TRUE,2022-12-19T14:05:59Z,R_sMvkLKbx7qC3QPf,yes,116,390x844,13.596,159.327,161.064,4,3.842,18.895,20.288,12,5,6,6,3,2.165,2.883,3.954,2,70,8.535,10.324,11.046,2,5,Every day,NA,Medical innovation,116,high,mobile
117,296,TRUE,2022-12-19T14:06:07Z,R_28AoAaWgXI6Hsz5,yes,117,2560x1440,13.202,13.202,158.387,1,4.312,20.508,21.454,15,4,7,5,1,3.408,3.408,4.168,1,62,7.6,8.384,9.054,2,4,Other,I have read this text carefully,Medical innovation,117,low,NA
118,600,TRUE,2022-12-19T14:06:10Z,R_3JmHhtONWjONaD2,yes,118,1440x900,2.323,2.323,312.688,1,7.016,20.811,21.558,7,5,5,5,6,3.301,3.301,4.119,1,25,6.364,6.364,7.096,1,5,Other,I have read this text carefully,Medical innovation,118,low,NA
119,281,TRUE,2022-12-19T14:06:13Z,R_2ZPU4r5G0EoOT40,yes,119,768x1024,12.616,12.616,184.898,1,3.888,11.302,11.89,5,6,6,6,6,2.792,2.792,3.659,1,20,32.734,32.734,33.464,1,6,Other,I have read this text carefully,Medical innovation,119,high,mobile
120,201,TRUE,2022-12-19T14:06:30Z,R_3KUWvjSeOA35mWd,yes,120,834x1194,26.959,26.959,53.637,1,5.362,32.216,33.117,9,5,4,5,5,8.332,8.332,9.452,1,63,8.382,9.453,10.22,2,5,Never,NA,Medical innovation,120,high,NA
121,234,TRUE,2022-12-19T14:06:30Z,R_1jGTYOkkBhtYzTE,yes,121,1360x768,4.344,4.344,86.156,1,2.656,107.752,108.803,6,6,6,5,5,4.478,4.478,5.369,1,17,4.982,5.518,6.194,2,6,2-3 times a week,NA,Medical innovation,121,high,NA
122,134,TRUE,2022-12-19T14:06:52Z,R_1rMjhpJi5UpzP5y,yes,122,1280x721,6.803,43.2,45.449,2,14.213,21.536,21.933,6,5,6,6,4,2.699,2.699,3.278,1,88,5.407,5.407,6.276,1,4,Other,I have read this text carefully,Medical innovation,122,high,NA
123,332,TRUE,2022-12-19T14:06:53Z,R_D2iOR2wGZtUpDeF,yes,123,414x896,10.327,13.968,202.857,3,2.523,24.548,25.642,21,4,2,2,3,3.934,3.934,5.084,1,26,6.954,15.591,16.137,6,4,Other,I have read this text carefully,Medical innovation,123,low,mobile
124,125,TRUE,2022-12-19T14:07:04Z,R_33r1uzSfyltImsC,yes,124,1280x720,0.931,3.751,36.14,2,5.438,28.184,29.189,9,7,7,5,2,4.866,4.866,6.095,1,38,4.906,5.661,6.611,2,5,Other,'I have read this text carefully',Medical innovation,124,high,NA
125,115,TRUE,2022-12-19T14:07:05Z,R_RE0zOJOm1SiPrBn,yes,125,1280x720,14.842,17.035,19.716,2,5.017,34.468,35.717,12,6,5,6,5,6.639,6.639,7.758,1,61,1.773,2.824,4.201,2,5,Every day,NA,Public safety,125,high,NA
126,80,TRUE,2022-12-19T14:07:08Z,R_ph4oBHCanopw64x,yes,126,360x780,0.782,0.782,2.36,1,1.931,22.793,23.287,23,3,4,6,3,2.132,2.132,2.593,1,63,4.362,6.543,6.928,4,7,Other,I have read this text carefully,Medical innovation,126,high,mobile
127,286,TRUE,2022-12-19T14:07:25Z,R_24kJJShetD9qIOy,yes,127,1920x1080,13.341,13.341,181.05,1,7.403,24.026,25.257,6,4,6,6,4,4.121,4.121,5.179,1,80,10.057,10.057,11.106,1,5,Other,I have read this text carefully,Medical innovation,127,high,NA
128,246,TRUE,2022-12-19T14:07:26Z,R_3LbbwcJ0MHjgjYj,yes,128,1366x768,3.814,9.103,156.318,2,3.864,17.201,18.392,9,2,3,3,6,2.423,3.776,4.501,2,31,5.339,5.339,6.062,1,5,Other,I have read this text carefully,Medical innovation,128,low,NA
129,542,TRUE,2022-12-19T14:07:29Z,R_1rvjSRVl96brYhM,yes,129,1920x1080,11.542,11.542,463.043,1,4.187,12.435,13.056,6,6,5,5,6,5.44,5.44,6.228,1,39,5.002,5.002,5.616,1,5,Other,I have read this text carefully,Medical innovation,129,low,NA
130,378,TRUE,2022-12-19T14:07:38Z,R_2s0YSej3yN83I9h,yes,130,1536x864,25.776,25.776,233.98,1,4.264,30.202,32.401,8,4,4,3,5,5.879,5.879,8.402,1,25,8.549,14.363,16.186,3,5,Other,I have read this text carefully,Medical innovation,130,high,NA
131,268,TRUE,2022-12-19T14:07:47Z,R_10xy1S3TWsoaQkp,yes,131,1366x768,9.737,12.997,176.156,2,5.204,15.094,17.066,4,5,5,5,2,5.809,5.809,7.346,1,38,7.693,7.693,8.684,1,6,Other,I have read this text carefully,Medical innovation,131,low,NA
132,211,TRUE,2022-12-19T14:08:11Z,R_29482UzIremKvCI,yes,132,1440x900,4.972,9.239,14.969,5,134.493,142.409,143.31,6,3,3,6,5,2.689,2.689,3.567,1,6,5.471,6.404,7.082,3,5,Other,I have read this text carefully,Medical innovation,132,high,NA
133,345,TRUE,2022-12-19T14:08:14Z,R_3RenlWWpItLKgjD,yes,133,360x760,4.382,6.175,235.569,2,3.79,37.931,38.608,25,3,4,6,4,2.131,2.131,3.266,1,30,6.175,7.069,7.744,2,6,Other,I have read this text carefully,Medical innovation,133,high,mobile
134,326,TRUE,2022-12-19T14:08:16Z,R_2tipIth42LLCgar,yes,134,1920x1080,5.353,14.448,213.957,2,9.146,28.205,28.497,10,3,4,2,5,4.57,4.57,7.763,1,18,8.308,8.708,9.782,2,5,Other,I have read this text carefully,Medical innovation,134,low,NA
135,231,TRUE,2022-12-19T14:08:24Z,R_1LMzXk7E4krCPgV,yes,135,1280x720,2.736,9.291,154.783,2,2.955,14.875,15.656,8,5,4,4,3,4.044,4.044,5.066,1,60,4.783,5.492,6.578,2,4,Other,I have read this text carefully,Medical innovation,135,low,NA
136,324,TRUE,2022-12-19T14:08:27Z,R_2ZJ6HRJ3f9I4FXK,yes,136,414x896,32.912,38.354,145.4,3,9.751,32.504,33.334,13,3,4,6,5,10.832,10.832,12.186,1,51,12.156,14.437,17.624,4,5,Other,I have read this text carefully,Medical innovation,136,low,mobile
137,330,TRUE,2022-12-19T14:08:31Z,R_3j1EVHema1ncgEG,yes,137,1536x864,14.28,14.28,235.835,1,6.105,19.41,20.333,8,5,6,6,2,2.417,2.417,3.112,1,100,5.481,6.305,6.68,2,7,Other,I have read this text carefully,Medical innovation,137,low,NA
138,412,TRUE,2022-12-19T14:08:43Z,R_BsNkuGYB8r1Dzgt,yes,138,1920x1080,8.692,8.692,81.479,1,131.677,139.545,140.215,9,4,5,5,4,124.988,124.988,125.781,1,67,5.27,5.27,6.336,1,5,Other,I have read this text carefully,Medical innovation,138,low,NA
139,535,TRUE,2022-12-19T14:08:49Z,R_25GXlHDyHOiT9Yn,yes,139,1366x768,10.448,343.334,344.675,2,5.872,14.13,16.903,5,5,5,4,3,2.736,2.736,4.028,1,65,4.674,4.674,5.86,1,5,Other,I have read this text carefully,Medical innovation,139,high,NA
140,216,TRUE,2022-12-19T14:09:04Z,R_1qTVBesFEYB45m2,yes,140,1440x900,4.768,4.768,80.488,1,5.533,18.496,19.731,4,3,4,4,6,3.159,3.992,5.694,2,34,7.194,7.194,8.158,1,4,Other,have read this text carefully,Medical innovation,140,low,NA
141,357,TRUE,2022-12-19T14:09:09Z,R_1LhDEOZe9mDGyhH,yes,141,1920x1080,21.285,21.285,230.785,1,8.717,24.054,25.51,4,5,6,4,5,5.919,5.919,7.094,1,41,8.424,8.424,9.559,1,5,Other,I have read the text carefully,Medical innovation,141,high,NA
142,324,TRUE,2022-12-19T14:09:14Z,R_Ubi1OwoY6EV5LbP,yes,142,414x896,1.752,4.797,193.457,2,5.191,36.493,37.568,14,3,7,4,5,5.017,5.017,5.723,1,38,7.723,9.031,9.972,3,5,Other,I have read this text carefully,Medical innovation,142,high,mobile
143,430,TRUE,2022-12-19T14:09:22Z,R_1KoP6MqnwFvxPEo,yes,143,1680x1050,26.862,26.862,301.444,1,14.542,36.686,39.023,6,5,5,5,7,7.538,7.538,9.439,1,30,15.213,15.213,17.117,1,4,Every day,NA,Medical innovation,143,low,NA
144,322,TRUE,2022-12-19T14:09:43Z,R_3hgXYCYuibky7ad,yes,144,1920x1200,10.234,10.234,196.366,1,4.191,18.225,19.742,7,2,2,3,6,2.793,2.793,3.625,1,35,9.292,9.292,12.671,1,5,Other,I have read this text carefully,Medical innovation,144,low,NA
145,263,TRUE,2022-12-19T14:10:12Z,R_udCul1AZk31YnEB,yes,145,1536x864,16.935,16.935,170.879,1,4.744,15.856,16.801,6,6,6,5,4,5.226,5.226,6.194,1,48,7.888,7.888,10.645,1,4,Other,I have read this text carefully,Medical innovation,145,low,NA
146,87,TRUE,2022-12-19T14:10:32Z,R_1CpWsNOleJTTU2u,yes,146,534x854,8.022,8.022,12.025,1,7.488,17.314,18.62,6,5,3,4,5,3.941,3.941,5.389,1,27,7.94,7.94,9.801,1,5,2-3 times a week,NA,Medical innovation,146,low,mobile
147,572,TRUE,2022-12-19T14:10:50Z,R_1LCEOLcSqvLLEQN,yes,147,390x844,4.972,27.97,403.07,4,3.004,15.295,16.041,12,5,6,6,2,4.7,4.7,5.713,1,86,5.635,7.091,7.885,2,6,Other,I have read this text carefully,Medical innovation,147,high,mobile
148,316,TRUE,2022-12-19T14:11:02Z,R_1QlszmY7DKkuoW4,yes,148,1920x1080,10.902,10.902,124.781,1,4.198,16.573,17.004,6,2,4,4,4,3.71,3.71,4.65,1,35,8.004,8.004,8.913,1,4,Other,I have read this text carefully,Medical innovation,148,low,NA
149,424,TRUE,2022-12-19T14:11:07Z,R_24GjE1BODban7UP,yes,149,1920x1200,3.683,221.471,223.113,5,13.414,58.046,62.944,10,3,5,2,2,3.734,4.119,7.173,2,74,31.659,32.219,44.094,2,6,Other,I have read this text carefully,Medical innovation,149,low,NA
150,495,TRUE,2022-12-19T14:11:25Z,R_Ap69u3cqNl8s9gZ,yes,150,1366x768,10.548,10.548,208.088,1,3.201,83.442,84.439,6,4,5,5,2,8.958,8.958,9.988,1,74,28.327,28.327,38.392,1,5,Other,I have read this text carefully,Medical innovation,150,high,NA
151,537,TRUE,2022-12-19T14:12:23Z,R_3KABhQHHQWduOtw,yes,151,390x844,2.777,10.045,257.631,2,1.387,14.006,15.298,16,2,5,5,6,2.058,2.058,2.645,1,19,5.632,7.832,9.952,3,5,Other,I have read this text carefully,Medical innovation,151,high,mobile
152,639,TRUE,2022-12-19T14:12:33Z,R_1BXICEMfn6PjFhz,yes,152,1536x864,4.178,5.443,12.074,2,10.938,23.384,24.201,8,4,4,6,3,2.2,2.2,13.376,1,85,31.175,32.697,33.242,3,5,Other,I have read this text carefully,Medical innovation,152,low,NA
153,647,TRUE,2022-12-19T14:12:40Z,R_28FLAClGYMghk8k,yes,153,1440x900,19.689,19.689,99.545,1,5.769,17.446,18.255,5,5,6,5,5,4.404,4.404,6.038,1,47,9.334,10.827,12.168,3,4,Other,'I have read this text carefully',Medical innovation,153,high,NA
154,480,TRUE,2022-12-19T14:12:43Z,R_RFicFoUgkmcRCY9,yes,154,3440x1440,28.595,28.595,351.762,1,4.142,19.358,20.172,4,5,5,6,5,3.717,5.046,6.275,3,78,12.705,12.705,13.551,1,6,Never,NA,Medical innovation,154,low,NA
155,727,TRUE,2022-12-19T14:12:49Z,R_2b0H3nIgOZD9FgD,yes,155,1920x1080,14.959,14.959,334.706,1,13.64,33.2,33.861,5,1,6,1,7,8.542,8.542,9.432,1,15,28.621,28.621,29.471,1,6,Other,I have read this text carefully,Medical innovation,155,low,NA
156,64,TRUE,2022-12-19T14:17:30Z,R_1n31Shqn7kND1km,yes,156,820x1180,0,0,1.761,0,1.734,8.099,9.231,7,3,2,3,6,1.823,4.163,4.711,4,15,1.952,2.468,2.982,2,4,Other,I have read this text carefully,Medical innovation,156,high,NA
157,1787,TRUE,2022-12-19T14:28:31Z,R_ZIyADBAqM1FztrH,yes,157,1440x900,221.222,221.222,292.199,1,6.054,18.936,19.907,4,7,7,7,3,5.125,5.125,6.014,1,100,22.98,22.98,24.081,1,6,Other,I have read this text carefully,Medical innovation,157,high,NA
158,173,TRUE,2022-12-19T14:33:16Z,R_3EuQ8SWtSRMRc98,yes,158,1280x720,10.145,10.145,87.64,1,6.823,16.812,18.729,5,5,5,4,2,3.421,3.421,4.392,1,70,6.747,6.747,8.041,1,4,Other,I have read this text carefully,Medical innovation,158,high,NA
159,461,TRUE,2022-12-19T14:42:53Z,R_2qxxn13N8HwvgM6,yes,159,1366x768,27.479,27.479,336.213,1,10.488,22.93,24.347,4,2,4,3,6,3.813,3.813,4.99,1,24,12.093,12.093,12.929,1,5,Other,I have read this text carefully.,Medical innovation,159,low,NA
160,348,TRUE,2022-12-19T14:47:25Z,R_2OPkG5mi5FgS1eS,yes,160,1440x900,13.92,13.92,247.13,1,5.114,18.735,22.085,4,5,5,4,5,4.379,4.379,5.434,1,70,9.478,10.676,11.778,2,6,Other,I have read this text carefully,Medical innovation,160,high,NA
161,456,TRUE,2022-12-19T14:49:28Z,R_2zRZyJPzXFs7t1U,yes,161,768x1024,12.017,12.017,317.873,1,9.18,23.366,24.525,5,3,5,3,4,6.762,6.762,7.2,1,60,8.301,8.301,9.178,1,5,Other,I have read this text carefully,Medical innovation,161,low,mobile
162,337,TRUE,2022-12-19T14:51:58Z,R_2aV0gK22EoUGddx,yes,162,1920x1200,7.289,7.289,257.557,1,11.433,22.188,23.41,5,5,6,6,3,5.254,5.254,6.3,1,67,4.978,5.699,7.132,2,5,Other,I have read this text carefully,Medical innovation,162,high,NA
163,309,TRUE,2022-12-19T14:54:45Z,R_3QXnJNQfeStnrDy,yes,163,1920x1080,10.771,10.771,212.529,1,4.908,20.616,23.261,9,1,2,5,6,3.683,3.683,5.335,1,21,4.878,5.79,7.579,2,5,Other,I have read this text carefully,Medical innovation,163,low,NA
164,817,TRUE,2022-12-19T14:54:59Z,R_1DIuvneSMFoq5PF,yes,164,1512x982,22.432,22.432,326.465,1,4.223,19.265,20.408,9,5,5,6,7,3.22,3.22,3.91,1,27,6.34,8.57,8.879,3,4,Other,I have read this text carefully,Medical innovation,164,low,NA
165,97,TRUE,2022-12-19T14:55:55Z,R_25SYpBFn8SirIZk,yes,165,1920x1080,4.095,4.095,27.223,1,5.238,15.72,16.541,7,3,2,3,6,2.091,2.091,3.107,1,2,4.239,4.239,5.059,1,3,Other,I have read this text carefully,Medical innovation,165,low,NA
166,343,TRUE,2022-12-19T14:59:50Z,R_3m4Pq7aFFArlH21,yes,166,1920x1080,11.325,11.325,199.019,1,6.851,25.554,27.206,7,7,6,7,5,3.397,3.397,5.462,1,81,15.416,15.416,16.441,1,6,Other,I have read this text carefully,Medical innovation,166,high,NA
167,196,TRUE,2022-12-19T15:11:01Z,R_1OlY1jDwJdDw5uy,yes,167,412x892,19.907,19.907,73.71,1,2.608,19.012,21.169,17,5,6,6,5,3.55,8.476,9.41,3,50,4.745,6.068,8.706,2,5,Other,I have read this text carefully,Medical innovation,167,high,mobile
62,31,FALSE,2022-12-19T17:48:39Z,R_viandivA1suZ8jf,yes,62,375x667,NA,NA,NA,NA,NA,NA,NA,NA,NA,NA,NA,NA,NA,NA,NA,NA,NA,NA,NA,NA,NA,NA,NA,NA,NA,62,low,mobile
168,27,FALSE,2022-12-19T17:48:51Z,R_1FnxByqxrEqHkkk,yes,168,360x800,10.992,11.932,12.829,2,NA,NA,NA,NA,NA,NA,NA,NA,NA,NA,NA,NA,NA,NA,NA,NA,NA,NA,NA,NA,NA,168,high,mobile
169,80,FALSE,2022-12-19T17:49:19Z,R_3dGp5aEpPCgh4F7,yes,169,1366x768,NA,NA,NA,NA,NA,NA,NA,NA,NA,NA,NA,NA,NA,NA,NA,NA,NA,NA,NA,NA,NA,NA,NA,NA,NA,169,high,NA
170,19,FALSE,2022-12-19T17:49:35Z,R_1E4ETjSOzDyQNaj,yes,170,339x753,NA,NA,NA,NA,NA,NA,NA,NA,NA,NA,NA,NA,NA,NA,NA,NA,NA,NA,NA,NA,NA,NA,NA,NA,NA,170,high,mobile
51,9,FALSE,2022-12-19T17:51:33Z,R_3wL6QXrRKkjIFY5,yes,51,2560x1440,NA,NA,NA,NA,NA,NA,NA,NA,NA,NA,NA,NA,NA,NA,NA,NA,NA,NA,NA,NA,NA,NA,NA,NA,NA,51,high,NA
156,93,FALSE,2022-12-19T17:53:32Z,R_2E4x8zj9QSUJ4ik,yes,156,820x1180,10.009,10.009,53.867,1,2.56,18.347,19.314,10,3,2,4,6,2.52,2.52,3.463,1,11,4.449,5.36,6.419,2,3,NA,NA,NA,156,high,NA
109,37,FALSE,2022-12-19T17:53:33Z,R_3JrTKnQhdtcjIb1,yes,109,1728x1117,NA,NA,NA,NA,NA,NA,NA,NA,NA,NA,NA,NA,NA,NA,NA,NA,NA,NA,NA,NA,NA,NA,NA,NA,NA,109,low,NA
109,14,FALSE,2022-12-19T17:53:33Z,R_2OYDnHb8VCG1zmm,yes,NA,NA,NA,NA,NA,NA,NA,NA,NA,NA,NA,NA,NA,NA,NA,NA,NA,NA,NA,NA,NA,NA,NA,NA,NA,NA,NA,109,high,NA
146,22,FALSE,2022-12-19T17:53:34Z,R_Umx62BdQmC8xto5,yes,146,534x854,NA,NA,NA,NA,NA,NA,NA,NA,NA,NA,NA,NA,NA,NA,NA,NA,NA,NA,NA,NA,NA,NA,NA,NA,NA,146,low,mobile
107,73,FALSE,2022-12-19T17:53:35Z,R_1LM7rbKewvkl3p2,yes,107,1920x1080,NA,NA,NA,NA,NA,NA,NA,NA,NA,NA,NA,NA,NA,NA,NA,NA,NA,NA,NA,NA,NA,NA,NA,NA,NA,107,low,NA
171,32,FALSE,2022-12-19T17:53:36Z,R_2ZX0PJ7rMsaxuUI,yes,172,1280x720,NA,NA,NA,NA,NA,NA,NA,NA,NA,NA,NA,NA,NA,NA,NA,NA,NA,NA,NA,NA,NA,NA,NA,NA,NA,171,low,NA
172,48,FALSE,2022-12-19T17:53:40Z,R_2bZrssnncahmVe5,yes,173,1920x1080,NA,NA,NA,NA,NA,NA,NA,NA,NA,NA,NA,NA,NA,NA,NA,NA,NA,NA,NA,NA,NA,NA,NA,NA,NA,172,low,NA
126,12,FALSE,2022-12-19T17:53:44Z,R_1C9OLABVp5cWy2j,yes,126,360x780,NA,NA,NA,NA,NA,NA,NA,NA,NA,NA,NA,NA,NA,NA,NA,NA,NA,NA,NA,NA,NA,NA,NA,NA,NA,126,low,mobile
173,7,FALSE,2022-12-19T17:53:44Z,R_2U5zGIP7awZo9cj,yes,174,412x915,0,0,0.808,0,NA,NA,NA,NA,NA,NA,NA,NA,NA,NA,NA,NA,NA,NA,NA,NA,NA,NA,NA,NA,NA,173,low,mobile
174,22,FALSE,2022-12-19T17:53:44Z,R_3NICiQtwNsJ7jRo,yes,175,768x1024,0.845,12.511,13.341,11,NA,NA,NA,NA,NA,NA,NA,NA,NA,NA,NA,NA,NA,NA,NA,NA,NA,NA,NA,NA,NA,174,high,mobile
121,3508,FALSE,2022-12-19T17:53:45Z,R_3CDcz98Onk94mkS,yes,121,1360x768,4.288,51.081,55.476,6,NA,NA,NA,NA,NA,NA,NA,NA,NA,NA,NA,NA,NA,NA,NA,NA,NA,NA,NA,NA,NA,121,low,NA
100,9,FALSE,2022-12-19T17:53:46Z,R_1ffPVBT458sZgdB,yes,100,390x844,2.031,2.031,3.086,1,NA,NA,NA,NA,NA,NA,NA,NA,NA,NA,NA,NA,NA,NA,NA,NA,NA,NA,NA,NA,NA,100,low,mobile
118,35,FALSE,2022-12-19T17:54:02Z,R_27NBN09zK63zzqV,yes,118,1440x900,12.061,12.061,12.934,1,NA,NA,NA,NA,NA,NA,NA,NA,NA,NA,NA,NA,NA,NA,NA,NA,NA,NA,NA,NA,NA,118,high,NA
174,170,FALSE,2022-12-19T17:54:06Z,R_3fjC7aIzWx9Ihfo,yes,175,768x1024,NA,NA,NA,NA,NA,NA,NA,NA,NA,NA,NA,NA,NA,NA,NA,NA,NA,NA,NA,NA,NA,NA,NA,NA,NA,174,low,mobile
175,734,FALSE,2022-12-19T17:54:08Z,R_3kdLnDuwKeNp96j,yes,176,1920x1080,NA,NA,NA,NA,NA,NA,NA,NA,NA,NA,NA,NA,NA,NA,NA,NA,NA,NA,NA,NA,NA,NA,NA,NA,NA,175,high,NA
