IPAddress,Duration (in seconds),Finished,RecordedDate,ResponseId,consent,ID,browser_info_Resolution,timer_pitch_deck_First Click,timer_pitch_deck_Last Click,timer_pitch_deck_Page Submit,timer_pitch_deck_Click Count,timer_mc_quality_First Click,timer_mc_quality_Last Click,timer_mc_quality_Page Submit,timer_mc_quality_Click Count,intell_prop,hum_cap,commerc,legitim,quality,timer_mc_potential_First Click,timer_mc_potential_Last Click,timer_mc_potential_Page Submit,timer_mc_potential_Click Count,fluency _1,timer_mc_flu_First Click,timer_mc_flu_Last Click,timer_mc_flu_Page Submit,timer_mc_flu_Click Count,attention_check,attention_check_99_TEXT,comprehension_check,PROLIFIC_PID,quality_condition,device
1,53,TRUE,2022-12-19T15:23:18Z,R_1In2a01ZCKlKBGC,yes,1,360x800,0.485,0.485,1.189,1,0.7,14.668,15.05,18,5,5,7,6,5,2.069,2.987,3.338,4,100,3.3,3.3,3.806,1,Once a week,NA,HR technology,1,low,mobile
2,299,TRUE,2022-12-19T15:23:49Z,R_z8uSlkRFr953Q5z,yes,2,1536x864,16.822,16.822,192.431,1,4.292,18.723,20.474,5,6,5,6,5,6,3.421,3.421,5.122,1,85,4.108,4.108,5.146,1,Other,I have read this text carefully,Medical innovation,2,low,NA
3,131,TRUE,2022-12-19T15:25:06Z,R_2f8TsHivgnD31NY,yes,3,1536x864,4.691,4.691,40.372,1,4.45,11.781,13.014,6,5,5,4,4,5,1.577,3.126,4.081,2,58,1.028,3.863,4.579,3,Other,I have read this text carefully,Medical innovation,3,high,NA
4,304,TRUE,2022-12-19T15:26:32Z,R_2cwohJ5dVp10wri,yes,4,1920x1080,6.678,6.678,194.734,1,12.618,21.843,23.131,6,5,5,6,4,6,2.703,2.703,3.464,1,3,4.006,7.125,8.061,2,Other,I have read this text carefully,Medical innovation,4,high,NA
5,267,TRUE,2022-12-19T15:28:19Z,R_XLk9X8qxsLsksCt,yes,5,2560x1440,1.287,1.287,120.163,1,2.419,8.439,10.081,9,6,5,5,6,5,1.164,2.517,4.248,5,35,1.548,1.548,2.18,1,Other,I have read this text carefully,Medical innovation,5,high,NA
6,131,TRUE,2022-12-19T15:30:13Z,R_acaKK3R2CEfdQYx,yes,6,2560x1440,14.925,14.925,40.56,1,5.895,16.479,17.547,6,5,6,6,5,6,3.927,3.927,4.548,1,51,3.722,5.594,6.206,2,Other,'I have read this text carefully,Medical innovation,6,low,NA
7,224,TRUE,2022-12-19T15:30:16Z,R_1DuKIZ9lehT2LN2,yes,7,1280x720,2.015,2.015,162.123,1,4.347,13.653,14.279,8,4,6,3,5,5,2.993,5.696,6.169,5,45,2.569,2.569,3.39,1,Other,I have read this text carefully,Medical innovation,7,low,NA
8,208,TRUE,2022-12-19T15:31:04Z,R_3OdoCdsfjhvN61M,yes,8,1440x900,6.509,6.509,10.549,1,8.408,73.663,76.285,5,4,6,3,2,3,3.577,3.577,4.631,1,39,5.209,5.209,6.456,1,Other,I have read this text carefully,Medical innovation,8,high,NA
9,441,TRUE,2022-12-19T15:31:14Z,R_2Sep12XrThYnL4W,yes,9,2240x1260,14.809,14.809,308.995,1,13.386,32.968,33.837,4,4,6,5,5,5,5.849,7.099,8.044,2,68,10.809,10.809,11.719,1,Other,I have read this text carefully,Medical innovation,9,low,NA
10,371,TRUE,2022-12-19T15:31:17Z,R_1o4JjjvocUKaruF,yes,10,1680x1050,14.063,14.063,278.81,1,7.666,23.997,24.721,6,7,7,6,4,6,3.389,3.389,4.245,1,34,5.278,6.628,7.466,2,Other,I have read this text carefully,Medical innovation,10,high,NA
11,284,TRUE,2022-12-19T15:31:56Z,R_558j1ejP6GVnW49,yes,11,360x800,3.583,11.12,168.67,4,2.53,25.237,26.145,27,6,7,5,6,6,4.603,5.107,6.164,2,64,4.938,4.938,5.708,1,Other,I have read this text carefully,Medical innovation,11,high,mobile
12,418,TRUE,2022-12-19T15:32:29Z,R_1Do11lUBAcWU9wg,yes,12,1280x800,9.103,243.708,244.264,2,1.424,35.019,36.69,13,4,3,3,2,5,4.395,4.395,6.103,1,37,4.163,4.163,4.953,1,Other,I have read this text carefully,Medical innovation,12,low,mobile
13,222,TRUE,2022-12-19T15:32:58Z,R_2DUieE20AGJfISO,yes,13,412x915,9.809,73.053,159.915,2,3.77,16.607,17.27,12,5,6,7,5,6,1.666,2.079,2.402,2,35,2.532,4.257,4.941,2,Other,I have read this text carefully,Medical innovation,13,high,mobile
14,375,TRUE,2022-12-19T15:33:00Z,R_3GiZc3oN4Bo0LTZ,yes,14,390x844,7.407,13.092,207.612,2,5.924,57.709,59.219,18,6,7,5,5,5,4.776,10.094,10.919,4,64,2.935,2.935,3.62,1,Other,I have read this text carefully.,Medical innovation,14,high,mobile
15,259,TRUE,2022-12-19T15:33:15Z,R_2YFziQSRp12HBxA,yes,15,1366x768,6.715,6.715,17.253,1,176.598,182.157,183.204,4,7,6,7,7,7,3.678,4.142,4.895,2,90,2.578,4.371,5.027,2,Other,I have read this text carefully,Medical innovation,15,high,NA
16,111,TRUE,2022-12-19T15:33:20Z,R_cJ5LT2D2TFylDAl,yes,16,1440x900,0,0,6.432,0,12.431,25.948,26.891,5,4,5,5,3,5,18.773,18.773,19.587,1,35,4.323,4.974,5.966,2,Once a week,NA,HR technology,16,low,NA
17,390,TRUE,2022-12-19T15:33:42Z,R_pM19l9rlbGRns65,yes,17,820x1180,10.87,10.87,260.194,1,7.157,31.532,32.173,13,4,5,5,5,4,13.94,13.94,14.623,1,52,43.704,43.704,44.384,1,Never,NA,Medical innovation,17,low,NA
18,259,TRUE,2022-12-19T15:33:55Z,R_1IyDFDLzeguYZSv,yes,18,1440x900,7.842,7.842,182.695,1,4.873,17.686,19.701,6,6,7,6,6,6,2.917,2.917,3.921,1,97,2.474,4.076,5.632,3,Other,I have read this text carefully,Medical innovation,18,high,NA
19,175,TRUE,2022-12-19T15:34:42Z,R_OqEUvFvvpAOLrpv,yes,19,1920x1200,6.927,6.927,101.275,1,5.363,14.9,15.598,4,6,6,6,5,6,3.577,4.77,5.388,2,38,4.074,4.074,4.876,1,Other,I have read this text carefully,Medical innovation,19,low,NA
20,321,TRUE,2022-12-19T15:34:51Z,R_20S5UW1ic8zzEdn,yes,20,1536x864,18.504,18.504,224.968,1,6.022,20.279,22.935,4,6,7,6,5,6,5.71,5.71,6.816,1,19,4.828,4.828,6.892,1,2-3 times a week,NA,Medical innovation,20,low,NA
21,306,TRUE,2022-12-19T15:35:40Z,R_2Y9X1HPZTQjbgTT,yes,21,390x844,5.589,129.79,130.79,2,3.794,14.146,14.655,9,6,6,5,6,5,69.339,70.506,71.561,3,69,3.783,3.783,4.735,1,Other,I have read this text carefully,Medical innovation,21,high,mobile
22,307,TRUE,2022-12-19T15:36:42Z,R_3fjURZBrAaflcx5,yes,22,1366x768,12.102,12.102,161.693,1,8.001,17.101,17.823,9,6,6,6,6,6,2.293,2.293,3.088,1,20,4.205,6.804,7.815,2,Other,I have read this text carefully,Medical innovation,22,high,NA
23,135,TRUE,2022-12-19T15:38:03Z,R_3nP2G2UFT67V88w,yes,23,375x812,4.117,11.889,48.029,4,7.351,27.019,30.626,16,2,5,6,2,3,3.443,6.755,7.885,6,16,3.408,5.431,6.367,3,Never,NA,Medical innovation,23,low,mobile
24,588,TRUE,2022-12-19T15:38:14Z,R_29hlQB6naxKCaTt,yes,24,1440x900,10.936,10.936,89.885,1,5.308,19.81,21.607,6,5,4,4,4,5,4.077,4.077,5.272,1,34,2.973,5.438,6.6,3,Other,I have read this text carefully,Medical innovation,24,high,NA
25,198,TRUE,2022-12-19T15:38:29Z,R_5toBvzCPExuMRkl,yes,25,412x892,23.186,26.23,95.039,2,6.813,20.977,22.006,15,3,3,3,4,2,5.707,6.951,7.869,3,35,4.104,4.104,5.304,1,Other,I have read this text carefully,Medical innovation,25,low,mobile
26,402,TRUE,2022-12-19T15:39:02Z,R_eKbQKGKdRmfooZH,yes,26,1440x900,9.941,248.124,249.475,3,32.099,63.197,65.581,10,4,6,6,6,6,6.258,6.258,7.028,1,67,5.796,5.796,6.828,1,Other,I have read this text carefully,Medical innovation,26,high,NA
27,317,TRUE,2022-12-19T15:39:13Z,R_3soJj6RynryZZDg,yes,27,390x844,1.841,10.221,218.724,3,2.036,26.196,27.305,21,4,6,5,4,5,1.262,4.501,5.273,6,85,1.971,3.975,4.578,3,Other,I have read this text carefully.,Medical innovation,27,low,mobile
28,630,TRUE,2022-12-19T15:39:20Z,R_3KGC7LzmdLoy6Wi,yes,28,820x1180,21.85,470.184,471.709,2,9.068,36.465,38.423,6,7,6,7,6,6,13.278,13.278,14.234,1,29,7.066,7.066,11.076,1,Other,I have read this text carefully,Medical innovation,28,low,NA
29,202,TRUE,2022-12-19T15:40:41Z,R_3g00wJqthJpZJDE,yes,29,1536x864,7.148,7.148,126.241,1,3.093,16.976,17.986,5,5,5,4,5,4,3.072,4.24,5.365,2,28,3.886,6.707,7.919,2,Other,I have read this text carefully,Medical innovation,29,high,NA
30,218,TRUE,2022-12-19T15:40:44Z,R_3ML0bkr4jEVGpAA,yes,30,1920x1080,10.277,10.277,135.467,1,8.62,21.294,22.15,9,5,5,4,5,4,1.96,1.96,2.778,1,0,2.864,2.864,3.83,1,Other,I have read this text carefully,Medical innovation,30,low,NA
31,283,TRUE,2022-12-19T15:40:52Z,R_1dFB13rEoHhJKn8,yes,31,1920x1080,7.879,200.451,201.744,2,8.541,20.345,21.346,4,4,5,4,3,5,2.703,2.703,3.577,1,55,4.292,4.292,5.157,1,Other,i have read this text carefully,Medical innovation,31,low,NA
32,472,TRUE,2022-12-19T15:41:08Z,R_1j7HsZAZhY1uLu9,yes,32,1920x1080,219.698,219.698,374.408,1,4.263,9.231,9.775,9,6,6,5,5,6,46.232,46.529,47.037,2,69,1.625,1.625,2.18,1,Other,I have read this text carefully,Medical innovation,32,high,NA
33,165,TRUE,2022-12-19T15:41:24Z,R_1jkYbVhXI3VcLB4,yes,33,2560x1080,4.506,4.506,107.368,1,8.036,22.137,22.692,13,6,7,7,6,5,1.628,5.105,5.919,4,69,5.452,5.452,6.008,1,Once a week,NA,Medical innovation,33,high,NA
34,383,TRUE,2022-12-19T15:41:37Z,R_2OPzGgLAeBKfGMj,yes,34,1536x960,17.2,17.2,281.308,1,7.731,32.381,34.218,8,6,5,4,4,3,7.63,7.63,8.688,1,71,4.915,4.915,5.746,1,Other,NA,Medical innovation,34,high,NA
35,235,TRUE,2022-12-19T15:41:46Z,R_3iDLoBZ83dLr51g,yes,35,1366x768,6.663,6.663,160.417,1,6.486,13.908,14.928,4,5,5,6,4,5,2.062,2.062,2.937,1,74,3.623,3.623,4.491,1,Other,I have read this text carefully,Medical innovation,35,high,NA
36,237,TRUE,2022-12-19T15:41:54Z,R_1mQta37IQcRmncK,yes,36,1920x1080,8.648,12.48,43.872,3,17.377,78.588,79.215,8,3,6,3,3,3,1.228,7.198,7.654,7,31,3.572,3.572,4.494,1,Other,I have read this text carefully,Medical innovation,36,low,NA
37,302,TRUE,2022-12-19T15:42:37Z,R_3kHaIZzyGciOuSI,yes,37,1536x864,13.087,69.65,71.276,2,12.43,38.774,40.106,8,7,7,7,5,6,129.144,129.144,130.436,1,41,3.325,3.325,5.014,1,Other,I have read this text carefully,Medical innovation,37,high,NA
38,195,TRUE,2022-12-19T15:42:57Z,R_9sQbdyGsU2fIfZL,yes,38,1366x768,3.654,3.654,125.83,1,3.654,31.804,32.866,8,6,4,5,6,5,2.193,2.193,3.166,1,24,2.455,2.455,3.572,1,Other,I have read this text carefully,Medical innovation,38,high,NA
39,118,TRUE,2022-12-19T15:43:15Z,R_3qgwKDwATaNTSyq,yes,39,390x844,1.096,11.868,49.405,2,4.703,14.427,14.937,11,6,5,5,5,6,0.771,5.156,5.628,3,86,3.272,3.272,3.71,1,Other,I have read this text carefully,Medical innovation,39,low,mobile
40,292,TRUE,2022-12-19T15:43:36Z,R_3J4Sa4ddS93gxOV,yes,40,1280x720,6.328,65.239,162.13,3,11.737,33.233,34.253,8,4,5,5,5,5,3.104,3.493,4.446,2,7,2.6,4.051,5.382,2,Other,I have read this text carefully,Medical innovation,40,low,NA
41,106,TRUE,2022-12-19T15:44:01Z,R_3oFNlDaJ5fAyI0s,yes,41,360x780,1.561,1.561,3.076,1,5.346,22.727,23.702,15,5,6,6,4,6,3.586,4.969,5.757,3,29,5.608,5.608,6.579,1,Other,I have read this text carefully,Medical innovation,41,high,mobile
42,126,TRUE,2022-12-19T15:44:14Z,R_25uTC2oR7zrSeGt,yes,42,1920x1080,8.907,8.907,78.271,1,3.766,14.305,15.192,8,6,6,5,5,5,2.08,2.08,3.172,1,90,2.656,2.656,3.256,1,Once a week,NA,Medical innovation,42,low,NA
43,169,TRUE,2022-12-19T15:44:24Z,R_2dvk28EuZfh3h5H,yes,43,1920x1080,6.713,6.713,114.853,1,2.23,6.233,6.81,4,6,6,6,6,6,2.335,2.335,3.132,1,64,2.365,2.365,4.056,1,Other,i have read this text carefully,Medical innovation,43,high,NA
44,230,TRUE,2022-12-19T15:44:36Z,R_OjuDvN6XPpiL8zv,yes,44,1920x1080,5.968,5.968,159.276,1,3.112,15.513,16.469,6,4,1,3,4,3,2.329,3.777,4.46,2,81,3.163,3.163,3.805,1,Other,I have read this text carefully,Medical innovation,44,low,NA
45,285,TRUE,2022-12-19T15:44:38Z,R_741kB8n9L2v8fzr,yes,45,414x736,0.515,49.174,49.859,4,11.979,57.41,59.729,35,5,6,6,7,6,3.74,10.377,11.976,8,71,5.604,9.87,10.899,3,Other,I have read this text carefully,Medical innovation,45,low,mobile
46,126,TRUE,2022-12-19T15:44:42Z,R_2uEgP36Sr6tbBwN,yes,46,1920x1080,4.87,4.87,47.737,1,2.185,18.876,19.971,8,3,4,5,3,4,5.86,7.401,8.46,2,47,5.473,5.473,6.384,1,Other,I have read this text carefully,Medical innovation,46,high,NA
47,272,TRUE,2022-12-19T15:44:55Z,R_3ehlXi8WG9Ecx02,yes,47,375x812,3.148,181.228,182.228,3,4.774,19.364,21.753,15,4,7,5,6,5,5.977,7.076,8.872,3,25,3.142,3.142,3.63,1,Other,I have read this text carefully,Medical innovation,47,high,mobile
48,617,TRUE,2022-12-19T15:45:01Z,R_9Est1vv8ET9P7hL,yes,48,1280x720,19.423,19.423,328.719,1,12.733,24.903,26.848,4,6,5,6,5,6,4.966,4.966,7.191,1,26,8.579,8.579,11.085,1,Other,I have read this text carefully,Medical innovation,48,high,NA
49,917,TRUE,2022-12-19T15:45:02Z,R_3NEOsCROonSbzKt,yes,49,375x667,25.01,35.008,413.338,4,2.821,152.427,153.388,19,1,4,5,3,4,4.339,6.704,7.201,4,31,3.999,3.999,4.573,1,Once a week,NA,Medical innovation,49,low,mobile
50,350,TRUE,2022-12-19T15:45:37Z,R_WrOiXiphC7T9JXX,yes,50,1440x900,14.471,14.471,226.16,1,8.291,30.828,32.35,5,5,4,5,5,5,5.053,5.053,6.027,1,61,8.786,8.786,9.601,1,Other,I have read this text carefully,Medical innovation,50,low,NA
51,365,TRUE,2022-12-19T15:46:01Z,R_31X95RPJ89zPRMd,yes,51,375x812,7.882,12.293,260.636,3,3.161,28.136,29.407,21,4,5,4,4,5,15.89,17.28,18.185,4,15,2.643,2.643,3.018,1,Other,I have read this text carefully,Medical innovation,51,low,mobile
52,173,TRUE,2022-12-19T15:46:04Z,R_UrTbzV7kwoecl6V,yes,52,1517x853,9.449,9.449,113.329,1,3.985,14.894,15.103,10,7,4,5,5,5,2.736,4.818,5.578,6,26,3.007,4.578,5.334,4,Other,I have read this text carefully,Medical innovation,52,low,NA
53,93,TRUE,2022-12-19T15:46:22Z,R_1oHAkhY6STAQQPE,yes,53,1440x900,7.295,7.295,48.199,1,2.817,8.408,9.026,6,6,6,6,6,6,2.212,3.037,3.519,2,41,3.243,3.243,4.035,1,Other,I have read this text carefully,Medical innovation,53,high,NA
54,182,TRUE,2022-12-19T15:46:38Z,R_22PunX8HYv4tIHK,yes,54,360x780,0.89,87.156,87.684,5,4.605,24.751,25.603,24,4,5,6,5,4,2.979,4.756,5.302,3,8,3.595,3.595,4.245,1,Other,I have read this text carefully,Medical innovation,54,high,mobile
55,234,TRUE,2022-12-19T15:47:02Z,R_3e39E0SI8mcKUWm,yes,55,1536x864,5.579,5.579,72.37,1,5.762,12.88,14.745,4,7,7,7,7,7,2.208,2.208,4.314,1,100,2.257,4.015,5.787,4,Other,I have read this text carefully,Medical innovation,55,low,NA
56,307,TRUE,2022-12-19T15:47:03Z,R_2Xh5U4t4pdOaxuV,yes,56,375x812,5.096,153.37,155.892,3,4.527,89.082,89.738,14,7,6,7,5,6,7.457,8.681,9.217,2,72,2.489,2.489,2.862,1,Other,I have read this text carefully,Medical innovation,56,high,mobile
57,167,TRUE,2022-12-19T15:47:19Z,R_2DZcy4i5DhZwwOv,yes,57,1920x1080,2.264,2.264,5.544,1,126.408,132.69,133.031,9,7,7,6,6,6,3.463,3.463,3.903,1,100,1.717,1.717,2.246,1,Other,I have read this text carefully,Medical innovation,57,low,NA
58,431,TRUE,2022-12-19T15:47:28Z,R_1gNhkD3aK61ERX5,yes,58,384x854,7.53,312.242,313.35,4,6.112,27.289,28.104,15,5,5,5,5,5,3.544,4.193,4.902,2,65,4.602,4.602,5.592,1,Other,I have read this text carefully,Medical innovation,58,low,mobile
59,179,TRUE,2022-12-19T15:47:39Z,R_2xFcRwVn1IAnEls,yes,59,360x800,3.731,5.145,106.83,2,2.872,12.464,12.985,15,7,6,5,6,5,4.688,5.656,6.397,3,36,1.424,3.975,4.543,3,Other,I have read this text carefully,Medical innovation,59,low,mobile
60,203,TRUE,2022-12-19T15:47:42Z,R_2scB6uritveXLNJ,yes,60,390x844,2.048,21.365,92.11,4,4.844,19.453,20.485,10,4,5,5,5,5,3.598,4.75,5.679,3,100,3.809,3.809,4.3,1,Other,I have read this text carefully.,Medical innovation,60,high,mobile
61,196,TRUE,2022-12-19T15:47:48Z,R_XtfquSfmbwNWVvr,yes,61,414x896,4.38,6.979,115.805,2,4.636,18.859,19.577,18,5,5,6,6,5,3.559,5.101,6.578,2,42,3.69,4.447,5.329,2,Other,I have read this text carefully,Medical innovation,61,high,mobile
62,385,TRUE,2022-12-19T15:47:55Z,R_5o5doxnL4DC2sJX,yes,62,1366x768,5.892,5.892,192.75,1,9.47,48.237,49.746,13,6,5,4,5,4,21.613,26.864,27.966,6,28,3.211,3.211,4.248,1,Other,I have read this text carefully,Medical innovation,62,high,NA
63,162,TRUE,2022-12-19T15:47:56Z,R_2cnDiIDVnV0Nndl,yes,63,390x844,0.768,4.442,101.846,3,3.419,15.291,16.319,13,5,7,7,6,5,1.927,4.279,5.001,4,93,2.498,2.498,3.053,1,Other,I have read this text carefully,Medical innovation,63,high,mobile
64,291,TRUE,2022-12-19T15:48:06Z,R_2CKeFP5jYDuouSc,yes,64,414x896,2.483,2.483,30.764,1,11.285,197.29,198.446,22,2,6,6,5,5,5.408,6.75,7.535,3,66,4.011,4.011,5.129,1,2-3 times a week,NA,Medical innovation,64,high,mobile
65,421,TRUE,2022-12-19T15:48:22Z,R_1nUhNKlSiZQ4EXQ,yes,65,1280x768,16.84,16.84,42.693,1,35.706,261.217,262.27,5,4,5,6,5,6,5.338,5.338,6.332,1,61,10.912,17.38,18.108,2,Other,I have read this text carefully,Medical innovation,65,low,NA
66,74,TRUE,2022-12-19T15:48:24Z,R_2X6XvcPRzW5x06F,yes,66,390x844,2.276,2.276,4.513,1,1.872,8.444,9.852,10,4,4,4,5,4,1.605,2.422,2.958,3,68,1.974,1.974,2.692,1,Once a week,NA,HR technology,66,low,mobile
67,469,TRUE,2022-12-19T15:48:40Z,R_3HBVLM1LNs71Fho,yes,67,1920x1080,11.565,14.256,14.955,3,12.426,115.683,123.072,17,5,6,6,5,6,10.438,25.081,26.333,5,82,5.109,15.515,15.985,5,Other,I have read this text carefully,Medical innovation,67,high,NA
68,311,TRUE,2022-12-19T15:48:48Z,R_PLpYsRPa3S2pTKF,yes,68,1536x864,22.502,22.502,216.926,1,5.751,17.009,18.001,5,7,7,7,6,6,3.232,3.232,4.308,1,83,4.272,4.272,5.495,1,Other,I have read this text carefully,Medical innovation,68,low,NA
69,266,TRUE,2022-12-19T15:48:55Z,R_PSsZmvMd7VnRghX,yes,69,1920x1080,18.66,18.66,151.172,1,15.719,39.033,40.329,7,5,5,6,6,6,6.172,9.187,10.048,3,77,5.227,5.227,6.171,1,Other,I have read this text carefully,Medical innovation,69,low,NA
70,519,TRUE,2022-12-19T15:49:08Z,R_3r1hJOWLTr1mNvt,yes,70,1536x864,23.927,23.927,384.756,1,7.275,22.152,23.647,8,6,5,6,6,5,6.664,6.664,7.76,1,73,4.554,4.554,5.607,1,Other,I have read this text carefully,Medical innovation,70,high,NA
71,178,TRUE,2022-12-19T15:49:28Z,R_2eX6GAjIrG7Zfy2,yes,71,1920x1080,65.238,70.662,72.874,2,4.4,16.506,17.277,5,5,4,5,4,5,2.003,2.961,3.598,2,60,5.146,5.146,5.942,1,Once a week,NA,Medical innovation,71,low,NA
72,558,TRUE,2022-12-19T15:49:29Z,R_1ONBHA6rUjTE9qR,yes,72,1280x1024,15.863,15.863,329.217,1,6.392,19.943,21.125,4,7,4,6,5,6,4.082,4.082,5.089,1,36,5.242,5.242,6.365,1,Other,I have read this text carefully,Medical innovation,72,high,NA
73,123,TRUE,2022-12-19T15:49:51Z,R_2s7Jdb29bEZsSV6,yes,73,1920x1080,8.371,8.371,26.677,1,12.586,45.162,47.181,8,4,5,4,4,5,3.849,3.849,4.29,1,69,4.57,4.57,5.093,1,Once a week,NA,Medical innovation,73,low,NA
74,330,TRUE,2022-12-19T15:49:53Z,R_9EVYEmStWiBb8aZ,yes,74,412x915,13.901,207.258,208.249,4,3.243,25.928,26.394,20,5,4,6,5,4,4.975,6.377,7.057,3,28,3.03,4.306,4.99,2,Other,I have read this text carefully,Medical innovation,74,high,mobile
75,224,TRUE,2022-12-19T15:50:07Z,R_XiSFNUi492aWUEx,yes,75,1920x1080,6.363,6.363,141.703,1,4.922,17.342,18.342,5,5,6,4,5,5,5.932,9.024,9.827,5,14,3.596,3.596,4.942,1,Other,I have read this text carefully,Medical innovation,75,low,NA
76,305,TRUE,2022-12-19T15:50:10Z,R_SOTQwtq5eQFRwaJ,yes,76,1366x768,8.367,9.731,232.165,2,5.169,22.018,23,7,4,5,6,5,5,4.245,4.245,5.133,1,9,5.214,5.214,6.681,1,Every day,NA,Medical innovation,76,low,NA
77,196,TRUE,2022-12-19T15:50:20Z,R_DqsgVfmupFOop6F,yes,77,2560x1440,9.048,9.048,75.019,1,4.855,14.908,15.782,5,6,5,5,5,5,5.357,6.225,7.045,2,78,3.265,3.265,4.201,1,Other,I have read this text carefully,Medical innovation,77,low,NA
78,299,TRUE,2022-12-19T15:50:45Z,R_3NyoudHZZiiaFe9,yes,78,1920x1080,6.252,6.252,169.904,1,47.354,61.298,62.47,8,2,7,7,4,7,2.646,3.83,4.14,3,41,4.842,4.842,5.69,1,Other,I have read this text carefully,Medical innovation,78,low,NA
79,376,TRUE,2022-12-19T15:50:48Z,R_25GhQEsvlikyYbU,yes,79,1440x900,29.866,29.866,198.792,1,17.903,38.43,40.604,4,7,4,7,4,7,7.637,7.637,8.935,1,69,8.451,14.492,15.372,3,Other,I have read this text carefully,Medical innovation,79,low,NA
80,249,TRUE,2022-12-19T15:50:58Z,R_BqOmHHWpnN0Ailz,yes,80,1280x1024,17.493,17.493,165.095,1,6.126,17.334,18.014,5,7,5,7,5,6,5.755,5.755,6.433,1,73,2.639,2.639,3.197,1,Other,I have read this text carefully,Medical innovation,80,high,NA
81,118,TRUE,2022-12-19T15:51:00Z,R_3hswOQiplqfFHAe,yes,81,1920x1080,2.742,36.561,37.964,5,14.993,26.873,28.027,7,5,5,4,5,4,3.019,3.643,3.897,2,15,2.117,2.117,2.784,1,Other,I have read this text carefully,Medical innovation,81,low,NA
82,333,TRUE,2022-12-19T15:51:42Z,R_3iyuFT1WryqoVGy,yes,82,1920x1080,9.1,9.1,254.074,1,5.553,15.097,16.082,4,6,7,4,5,4,3.122,3.122,4.086,1,45,3.229,7.22,8.376,3,Other,I have read this text carefully,Medical innovation,82,high,NA
83,945,TRUE,2022-12-19T15:51:47Z,R_31h1xqeVXTcDGzk,yes,83,1536x864,12.723,14.927,249.178,2,8.819,618.69,619.579,6,5,6,5,6,5,10.362,10.362,11.237,1,35,6.981,6.981,8.089,1,Other,I have read this text carefully,Medical innovation,83,high,NA
84,103,TRUE,2022-12-19T15:51:51Z,R_veSdNjWVA8u1Azv,yes,84,1366x768,11.151,31.494,33.569,2,3.406,8.076,9.381,5,3,4,5,4,4,1.407,1.407,2.68,1,22,3.706,3.706,4.773,1,4-6 times a week,NA,Medical innovation,84,high,NA
85,98,TRUE,2022-12-19T15:51:58Z,R_2QxEbeQrsUyDPQ0,yes,85,412x915,3.821,3.821,17.57,1,2.921,13.532,14.344,18,5,5,5,5,5,1.355,2.364,3.056,3,69,1.777,1.777,2.486,1,Other,I have read this text carefully,Medical innovation,85,low,mobile
86,162,TRUE,2022-12-19T15:52:02Z,R_3Iay9PeurcrnaxI,yes,86,375x812,14.042,15.128,76.187,3,5.091,18.13,19.458,13,5,5,7,6,6,3.581,4.95,5.657,3,25,3.335,5.156,6.112,4,Other,I have read this text carefully,Medical innovation,86,high,mobile
87,164,TRUE,2022-12-19T15:52:05Z,R_2fqHj3VcexKHAi0,yes,87,1920x1080,9.925,17.885,48.625,2,48.892,58.148,59.151,6,4,4,2,3,3,6.563,6.563,7.286,1,20,3.283,3.283,4.089,1,Other,I have read this text carefully,Medical innovation,87,low,NA
88,613,TRUE,2022-12-19T15:52:24Z,R_2X684UqWvn7uC65,yes,88,1366x768,16.111,16.111,367.389,1,20.232,88.743,92.314,6,3,7,5,3,5,14.028,15.804,16.913,3,26,6.23,9.496,12.001,2,Other,I have read this text carefully,Medical innovation,88,low,NA
89,254,TRUE,2022-12-19T15:52:28Z,R_3M5JeHBvlY5u6wy,yes,89,1564x1043,5.359,5.359,176.733,1,4.639,11.967,13.275,5,6,5,5,4,4,3.636,3.636,4.799,1,28,3.014,3.014,4.133,1,Other,I have read this text carefully,Medical innovation,89,high,NA
90,113,TRUE,2022-12-19T15:52:37Z,R_2zpf8pdmLCL5woU,yes,90,360x800,0.634,4.592,5.299,2,5.188,26.602,27.252,30,5,3,4,4,4,2.318,4.112,4.545,4,57,4.801,4.801,6.404,1,Other,I have read this text carefully,HR technology,90,low,mobile
91,301,TRUE,2022-12-19T15:53:00Z,R_32RQMYU45tGlqzo,yes,91,1920x1080,17.03,17.03,143.535,1,9.625,76.843,77.57,5,5,7,5,6,6,3.052,3.052,3.843,1,55,3.408,3.408,4.132,1,Other,I have read this text carefully,Medical innovation,91,high,NA
92,341,TRUE,2022-12-19T15:53:18Z,R_12SfjbpczZLxKya,yes,92,1280x720,12.073,12.073,241.442,1,4.924,17.356,18.189,4,5,4,6,4,6,4.184,4.184,4.978,1,53,2.694,2.694,4.912,1,Other,I have read this text carefully,Medical innovation,92,low,NA
93,190,TRUE,2022-12-19T15:53:18Z,R_10DhP8VSSXJA3zY,yes,93,1366x768,11.341,78.739,81.064,4,9.385,32.288,33.5,7,4,4,6,4,5,3.189,3.189,4.192,1,84,5.877,5.877,7.041,1,Other,NA,Medical innovation,93,high,NA
94,256,TRUE,2022-12-19T15:53:24Z,R_2S7dRplE6wMYcI1,yes,94,1920x1080,8.477,8.477,70.374,1,57.37,91.404,93.257,8,3,5,3,5,4,3.159,4.491,5.617,2,28,3.353,3.353,4.436,1,Other,I have read this text carefully,Medical innovation,94,low,NA
95,137,TRUE,2022-12-19T15:53:45Z,R_3pumJJNttnk6Ujo,yes,95,377x753,0.868,0.868,1.785,1,0.815,19.923,20.604,21,7,2,3,2,2,2.345,4.181,5.065,3,74,1.209,1.961,5.227,2,Other,I have read this text carefully.,Medical innovation,95,high,mobile
96,334,TRUE,2022-12-19T15:53:46Z,R_5tKXgMaGehnmuop,yes,96,375x667,1.26,114.802,116.348,3,2.743,113.982,114.586,29,5,5,4,4,4,20.098,46.415,46.861,14,30,1.806,3.377,5.419,2,Once a week,NA,Medical innovation,96,low,mobile
97,355,TRUE,2022-12-19T15:53:47Z,R_1hGYvCS60cNnrIO,yes,97,1920x1080,15.09,15.09,255.79,1,12.008,28.836,30.892,5,5,4,6,5,5,6.786,6.786,8.055,1,74,7.859,7.859,9.001,1,Every day,NA,Medical innovation,97,low,NA
98,170,TRUE,2022-12-19T15:53:52Z,R_3ReWIKEkbiCUkhB,yes,98,390x844,8.693,16.741,102.596,4,2.727,12.989,13.449,14,7,5,5,4,6,2.413,2.882,3.321,2,54,2.5,4.106,4.573,2,Other,I have read this text carefully,Medical innovation,98,high,mobile
99,1530,TRUE,2022-12-19T15:53:53Z,R_3DdP00kbjgsm1yz,yes,99,1536x864,16.231,329.012,338.055,6,19.173,38.694,45.402,20,7,7,7,7,7,39.277,39.277,40.543,1,77,6.845,6.845,8.786,1,Other,I have read this text carefully,Medical innovation,99,high,NA
100,309,TRUE,2022-12-19T15:54:07Z,R_2zTl7UwXu40PGE0,yes,100,1517x853,4.116,13.52,243.043,2,3.334,12.222,12.903,7,5,7,6,7,6,3.45,5.633,6.306,3,38,4.374,4.374,5.127,1,Other,I have read this text carefully,Medical innovation,100,high,NA
101,215,TRUE,2022-12-19T15:54:12Z,R_A7ILkpk0gIZN12V,yes,101,1680x1050,13.474,13.474,93.716,1,6.448,19.659,20.577,10,6,6,5,5,5,2.743,2.743,5.046,1,83,5.85,5.85,7.452,1,Other,I have read this text carefully,Medical innovation,101,high,NA
102,286,TRUE,2022-12-19T15:54:14Z,R_1OGIOEZPhfRX2xb,yes,102,390x844,2.128,2.128,186.609,1,6.109,18.961,19.472,13,6,6,6,6,6,1.978,3.164,3.62,3,21,3.981,3.981,4.37,1,Other,I have read this text carefully,Medical innovation,102,high,mobile
103,287,TRUE,2022-12-19T15:54:20Z,R_1pnAbhHMwllD40a,yes,103,1280x854,14.122,173.642,175.551,2,10.828,29.204,30.301,10,5,6,6,5,5,4.667,5.905,7.192,2,99,5.971,5.971,6.983,1,Other,I have read this text carefully,Medical innovation,103,low,NA
104,197,TRUE,2022-12-19T15:54:22Z,R_8oAZM95b9hQ6BKp,yes,104,768x1024,8.288,16.545,111.194,2,3.38,13.802,14.792,10,5,5,5,5,5,2.501,2.501,3.548,1,64,2.906,2.906,4.498,1,Other,I have read this text carefully,Medical innovation,104,low,NA
105,188,TRUE,2022-12-19T15:54:23Z,R_3HoYyfkHGCpj9B6,yes,105,1366x768,9.689,9.689,40.728,1,18.897,46.801,48.053,5,6,5,3,6,5,3.213,3.213,5.294,1,48,5.258,5.258,14.413,1,Other,I have read this text carefully,Medical innovation,105,high,NA
106,334,TRUE,2022-12-19T15:54:26Z,R_7PuRIKqnoIn77d7,yes,106,1536x864,16.62,16.62,200.532,1,12.458,34.77,37.194,4,2,4,5,4,4,8.738,8.738,10.114,1,75,6.162,6.162,7.383,1,Other,1,Medical innovation,106,low,NA
107,598,TRUE,2022-12-19T15:54:32Z,R_2fpK7dhKtcjtOib,yes,107,1920x1080,3.741,64.734,446.917,4,13.945,38.463,41.296,6,5,5,5,6,5,7.421,7.421,8.932,1,76,5.415,5.415,6.866,1,Other,I have read this text carefully,Medical innovation,107,high,NA
108,260,TRUE,2022-12-19T15:54:35Z,R_1Oy6MrwjTa1RyZu,yes,108,1280x720,6.789,6.789,185.106,1,3.89,15.68,16.739,6,4,6,7,6,6,1.903,2.74,3.744,2,66,3.187,3.187,5.023,1,Other,I have read this text carefully,Medical innovation,108,low,NA
109,526,TRUE,2022-12-19T15:54:42Z,R_PApblNl7B53ExZD,yes,109,1536x864,10.403,10.403,347.53,1,10.2,72.284,73.098,4,2,6,5,4,5,4.956,4.956,6.621,1,60,10.064,10.064,11.022,1,Other,I have read this text carefully,Medical innovation,109,low,NA
110,476,TRUE,2022-12-19T15:54:48Z,R_2wzaRsVsv8sLrLv,yes,110,2560x1440,10.493,10.493,319.344,1,9.179,28.323,35.475,9,5,7,3,5,4,55.738,55.738,56.831,1,31,8.561,8.561,9.614,1,Other,I have read this text carefully,Medical innovation,110,high,NA
111,96,TRUE,2022-12-19T15:54:50Z,R_xn3oqiMGffvW4qB,yes,111,1920x1080,3.925,3.925,5.496,1,9.852,16.498,18,9,5,5,5,4,4,1.485,1.485,3.116,1,65,2.064,2.787,3.098,2,Other,I have read this text carefully,Medical innovation,111,low,NA
112,145,TRUE,2022-12-19T15:55:08Z,R_pauYC7MSdXuvkid,yes,112,1920x1080,9.496,9.496,81.649,1,5.653,11.661,12.48,4,4,6,3,4,3,3.588,4.915,5.877,2,4,3.431,3.431,4.667,1,Other,I have read this text carefully,Medical innovation,112,high,NA
113,234,TRUE,2022-12-19T15:55:09Z,R_1q36AiF3rnz1Xed,yes,113,1536x864,11.847,11.847,176.072,1,5.829,13.881,16.079,4,6,5,4,4,5,3.798,3.798,5.436,1,40,3.437,3.437,4.422,1,Other,I have read this text carefully,Medical innovation,113,high,NA
114,365,TRUE,2022-12-19T15:55:25Z,R_31AH66xPFiN6Vt6,yes,114,1440x900,16.767,16.767,61.62,1,9.262,21.616,22.709,4,4,7,7,4,5,6.613,6.613,7.501,1,3,4.677,4.677,5.962,1,Other,I have read this text carefully,Medical innovation,114,high,NA
115,448,TRUE,2022-12-19T15:55:45Z,R_1Eg2nw2ZLjQWmvu,yes,115,1920x1080,23.902,23.902,317.188,1,7.797,27.851,29.017,5,4,6,5,5,5,4.89,4.89,6.112,1,28,7.353,7.353,8.858,1,Other,I have read this text carefully,Medical innovation,115,low,NA
116,477,TRUE,2022-12-19T15:55:45Z,R_2xzSj4Fo8AinJLN,yes,116,1366x768,20.948,20.948,298.855,1,13.31,38.054,41.873,5,4,7,4,5,5,6.781,6.781,9.015,1,6,3.559,10.36,13.601,4,Other,I have read this text carefully,Medical innovation,116,high,NA
117,133,TRUE,2022-12-19T15:55:48Z,R_XSYS8zueyQ2P2Rr,yes,117,1512x982,8.475,8.475,49.588,1,4.658,30.373,31.169,9,5,5,5,5,5,1.638,3.855,4.886,4,29,3.002,5.64,6.626,2,Other,I have read this text carefully,Medical innovation,117,high,NA
118,445,TRUE,2022-12-19T15:56:04Z,R_3Xe58e7GFJFhUB3,yes,118,1920x1080,0,0,22.252,0,42.837,210.82,212.369,13,4,6,3,4,3,11.763,13.396,14.346,2,84,5.212,5.212,6.39,1,Other,I have read this text carefully,Public safety,118,high,NA
119,284,TRUE,2022-12-19T15:56:20Z,R_2CWFV1ZVCf9itcL,yes,119,1920x1080,20.484,20.484,176.468,1,6.349,16.697,17.759,4,4,6,4,3,4,3.407,4.036,4.855,2,92,3.14,6.04,6.819,2,Other,I have read this text carefully,Medical innovation,119,low,NA
120,514,TRUE,2022-12-19T15:56:23Z,R_2AFjvxXjDWaSjdM,yes,120,1366x768,14.242,14.242,316.734,1,8.615,27.878,29.357,6,6,5,4,2,4,6.342,6.342,7.403,1,20,3.263,3.263,4.407,1,Other,I have read this text carefully,Medical innovation,120,high,NA
121,306,TRUE,2022-12-19T15:56:27Z,R_40cVb6JJ4YVJpkt,yes,121,1920x1080,13.435,13.435,219.676,1,8.128,17.739,18.513,4,6,4,6,5,6,3.699,3.699,4.408,1,59,3.203,3.203,4.026,1,Other,I have read this text carefully,Medical innovation,121,low,NA
122,254,TRUE,2022-12-19T15:56:31Z,R_3IYxv99RvR19o5F,yes,122,1536x864,28.325,28.325,130.412,1,5.036,18.537,19.749,4,6,6,6,7,6,5.48,5.48,7.731,1,86,4.362,7.664,9.143,2,Other,I have read this text carefully,Medical innovation,122,high,NA
123,506,TRUE,2022-12-19T15:56:39Z,R_1OIHY3fGjPzRd6r,yes,123,1536x864,12.8,12.8,333.194,1,8.718,25.177,26.293,4,4,5,5,4,4,7.167,8.044,10.702,2,71,7.785,7.785,8.554,1,Other,I have read this text carefully,Medical innovation,123,high,NA
124,243,TRUE,2022-12-19T15:56:53Z,R_3fOz3nYE7XHpjLN,yes,124,1440x900,49.481,49.481,163.553,1,4.816,24.393,26.24,9,6,7,6,5,7,3.134,3.134,3.845,1,33,2.009,6.138,6.791,5,Other,I have read this text carefully,Medical innovation,124,high,NA
125,244,TRUE,2022-12-19T15:56:56Z,R_Ov7r0XDBEsyi4k9,yes,125,1440x900,17.19,17.19,135.704,1,8.168,23.264,24.357,6,5,5,4,5,5,4.679,4.679,5.542,1,24,3.283,3.283,4.486,1,Other,I have read this text carefully,Medical innovation,125,low,NA
126,357,TRUE,2022-12-19T15:56:58Z,R_Tno9Ouhia0m8quR,yes,126,412x883,4.502,25.596,164.649,2,2.997,46.128,46.771,21,5,6,7,6,6,2.009,2.358,2.829,2,72,2.372,2.956,12.23,2,Other,I have read this text carefully,Medical innovation,126,high,mobile
127,301,TRUE,2022-12-19T15:57:04Z,R_1mDGKvN7oGSTwXi,yes,127,1536x864,9.974,9.974,148.938,1,31.407,81.039,82.186,6,5,6,5,4,5,12.456,13.808,15.05,3,61,5.387,7.963,10.08,2,2-3 times a week,NA,Medical innovation,127,high,NA
128,375,TRUE,2022-12-19T15:57:11Z,R_3g7doyVDKhhQMMs,yes,128,1600x900,23.564,23.564,247.817,1,8.003,23.304,24.232,4,5,6,5,5,5,9.466,9.466,10.581,1,64,5.903,5.903,7.072,1,Other,I have read this text carefully,Medical innovation,128,low,NA
129,292,TRUE,2022-12-19T15:57:15Z,R_3qWGXz8EPY8wjC0,yes,129,1536x864,11.91,11.91,185.944,1,7,55.096,55.764,4,2,4,6,5,4,3.265,3.265,4.133,1,43,4.548,4.548,5.54,1,Other,I have read this text carefully,Medical innovation,129,low,NA
130,241,TRUE,2022-12-19T15:57:16Z,R_plN3T08ff16cVTH,yes,130,1536x864,14.216,95.723,98.156,2,11.826,23.946,24.909,6,4,4,4,4,5,3.44,3.44,4.32,1,19,3.988,3.988,4.973,1,Other,I have read this text carefully,Medical innovation,130,low,NA
131,330,TRUE,2022-12-19T15:57:22Z,R_1I3Fx5zinQB1352,yes,131,1920x1080,9.438,9.438,209.252,1,31.518,47.907,48.75,5,5,7,5,6,5,3.894,3.894,4.822,1,30,3.73,3.73,4.633,1,Other,I have read this text carefully,Medical innovation,131,high,NA
132,615,TRUE,2022-12-19T15:57:29Z,R_3egWKjVKUNUNbiG,yes,132,1366x768,32.977,32.977,390.285,1,31.045,67.652,69.082,8,7,6,5,4,6,3.758,3.758,4.494,1,34,5.08,5.08,5.85,1,Other,I have read this text carefully,Medical innovation,132,high,NA
133,266,TRUE,2022-12-19T15:57:39Z,R_1DzDc7pnzbb3GL8,yes,133,1920x1080,12.393,12.393,192.66,1,2.71,11.053,11.894,5,5,6,6,7,6,2.37,3.262,4.073,2,77,2.798,2.798,3.602,1,Other,I have read this text carefully.,Medical innovation,133,high,NA
134,339,TRUE,2022-12-19T15:57:41Z,R_2tAmIAGiTti3R8y,yes,134,1366x768,25.39,215.486,216.395,2,6.848,23.534,25.495,5,1,3,1,2,1,2.289,2.825,4.537,2,67,9.84,18.947,19.951,8,Other,I have read this text carefully,Medical innovation,134,low,NA
135,314,TRUE,2022-12-19T15:57:49Z,R_2zkEJgIrvvdtuVl,yes,135,1920x1080,5.085,5.085,201.09,1,17.029,57.901,58.57,6,2,5,5,3,3,3.979,5.306,6.006,2,34,2.379,2.379,3.23,1,Other,I have read this text carefully,Medical innovation,135,low,NA
136,60,TRUE,2022-12-19T15:57:51Z,R_2uUGhE2nVAih9Rz,yes,136,1536x864,1.84,1.84,12.736,1,2.013,7.525,8.259,8,3,4,5,4,5,1.493,2.582,2.85,3,65,1.503,1.503,2.231,1,Never,NA,Medical innovation,136,low,NA
137,561,TRUE,2022-12-19T15:57:59Z,R_28GahksmJaCLOqH,yes,137,1280x720,14.366,337.601,360.831,13,2.834,21.501,23.44,11,5,3,3,3,3,2.397,2.397,4.326,1,20,2.232,2.232,3.937,1,Every day,NA,Medical innovation,137,low,NA
138,311,TRUE,2022-12-19T15:58:29Z,R_Rk8e3dNCt6rCGo9,yes,138,1366x768,2.604,4.074,182.122,2,9.14,22.153,23.38,9,6,7,5,6,6,2.767,6.509,7.681,3,29,3.805,6.335,7.831,2,Other,I have read this text carefully,Medical innovation,138,high,NA
139,770,TRUE,2022-12-19T15:58:55Z,R_2EzeJYVebmR2PhT,yes,139,1366x768,1.195,125.003,126.036,3,27.463,36.66,37.392,7,7,4,3,4,5,2.286,2.286,3.259,1,15,2.381,2.381,3.489,1,Other,I have read this text carefully,Medical innovation,139,high,NA
140,247,TRUE,2022-12-19T15:58:58Z,R_1n7QLR9k3j4f7UW,yes,140,1680x1050,15.807,15.807,159.859,1,9.724,17.739,18.37,4,7,7,7,7,5,4.329,4.329,5.22,1,72,3.844,3.844,4.789,1,Other,I have read this text carefully,Medical innovation,140,high,NA
141,606,TRUE,2022-12-19T15:59:01Z,R_3MRoTamXxM4csIc,yes,141,375x667,2.603,11.237,203.592,4,1.584,15.467,15.959,13,6,5,6,5,6,2,3.117,3.606,2,33,1.999,3.514,4.201,4,Other,I have read this text carefully,Medical innovation,141,high,mobile
142,442,TRUE,2022-12-19T15:59:10Z,R_12RoLGnAnetMhny,yes,142,1366x768,21.674,314.135,315.682,6,1.307,18.639,23.325,6,4,6,6,5,5,4.685,5.843,7.634,2,43,6.847,6.847,8.355,1,Other,I have read this text carefully,Medical innovation,142,high,NA
143,491,TRUE,2022-12-19T15:59:41Z,R_10HNmlamb2VLlYC,yes,143,375x812,0.922,5.688,372.395,2,1.172,27.666,28.378,20,5,5,6,6,6,4.187,13.681,14.315,6,7,1.549,6.901,8.44,3,Other,I have read this text carefully,Medical innovation,143,high,mobile
144,638,TRUE,2022-12-19T16:00:12Z,R_1I9JrMEYzh3OrBh,yes,144,1536x864,0,0,2.59,0,4.279,17.563,20.537,7,4,4,5,4,4,9.151,11.494,12.702,4,87,2.131,2.131,3.01,1,Other,I have read this text carefully,Medical innovation,144,low,NA
145,445,TRUE,2022-12-19T16:00:12Z,R_1CxUKV6SWyDKxAe,yes,145,2560x1080,31.577,31.577,331.943,1,6.048,29.76,30.925,4,5,7,7,5,6,4.187,4.187,5.316,1,20,4.773,5.909,9.637,2,Other,I have read this text carefully,Medical innovation,145,high,NA
146,2053,TRUE,2022-12-19T16:02:07Z,R_3KO65P3E9rye8Du,yes,146,1536x864,3.152,11.112,13.983,2,30.287,47.377,47.624,14,5,7,2,6,5,1.547,1.547,2.45,1,32,2.342,2.342,3.093,1,Once a week,NA,Medical innovation,146,low,NA
147,553,TRUE,2022-12-19T16:02:13Z,R_1FqZc2dqPqp6PUZ,yes,147,1366x768,18.496,28.188,354.106,3,6.798,28.936,38.168,5,5,6,4,6,5,4.34,5.651,7.763,2,24,4.853,5.898,7.152,2,Other,I have read this text carefully,Medical innovation,147,high,NA
148,564,TRUE,2022-12-19T16:02:44Z,R_12aqHhV5EqCimQ6,yes,148,1920x1080,35.533,35.533,338.692,1,4.842,23.853,24.945,5,6,5,4,6,4,10.098,10.098,10.822,1,100,3.216,3.216,3.878,1,Other,'I have read this text carefully',Medical innovation,148,high,NA
149,75,TRUE,2022-12-19T16:03:00Z,R_sMYoBPZcEtM7P2h,yes,149,1920x1080,0.979,5.635,42.068,7,1.213,8.053,8.32,13,4,4,3,5,4,0.727,1.369,1.92,3,64,2.94,2.94,3.669,1,Every day,NA,Medical innovation,149,low,NA
150,557,TRUE,2022-12-19T16:03:06Z,R_WlLznWBhppIVlHH,yes,150,1440x900,3.574,9.439,338.45,2,9.958,33.05,33.742,13,7,6,6,6,6,1.899,6.578,7.016,5,81,1.38,8.625,9.333,6,Other,I have read this text carefully,Medical innovation,150,low,NA
151,648,TRUE,2022-12-19T16:03:39Z,R_OBf1c4HfMekTgJj,yes,151,1600x900,9.863,9.863,337.954,1,85.953,126.416,128.078,20,5,4,5,4,4,8.669,8.669,10.566,1,4,4.671,4.671,6.259,1,Never,NA,Medical innovation,151,low,NA
152,636,TRUE,2022-12-19T16:03:47Z,R_24Piwv2fmqeuS1L,yes,152,1366x768,29.686,29.686,335.657,1,14.851,77.127,78.651,6,4,4,5,5,5,10.248,10.248,11.469,1,35,10.366,10.366,11.824,1,Other,I have read this text carefully,Medical innovation,152,low,NA
153,1170,TRUE,2022-12-19T16:04:26Z,R_3HZV8DMi5lVyY1j,yes,153,1280x800,20.056,20.056,370.519,1,9.284,74.784,75.855,6,6,6,6,6,6,4.812,4.812,5.537,1,21,2.982,2.982,3.872,1,Other,I have read this text carefully,Medical innovation,153,high,NA
154,759,TRUE,2022-12-19T16:04:57Z,R_1Ne2Q5erTFiG3u0,yes,154,1366x768,19.105,19.105,285.222,1,3.363,25.792,26.704,8,7,7,7,7,6,5.526,5.526,11.461,1,80,2.828,2.828,6.776,1,Other,I have read this text carefully,Medical innovation,154,high,NA
155,737,TRUE,2022-12-19T16:05:28Z,R_24piPXwmFaL0kao,yes,155,820x1180,19.642,19.642,459.552,1,7.286,39.955,40.906,18,5,4,6,6,6,4.664,6.374,7.035,4,12,4.67,6.265,8.231,2,Other,I have read this text carefully,Medical innovation,155,low,NA
156,397,TRUE,2022-12-19T16:09:31Z,R_1GCcfb2wByIeouG,yes,156,1366x768,7.985,80.489,80.819,3,25.059,34.023,34.869,7,3,5,4,3,6,32.112,32.112,32.744,1,73,3.101,3.101,3.683,1,2-3 times a week,NA,Medical innovation,156,high,NA
157,1044,TRUE,2022-12-19T16:11:11Z,R_1N8G2g5xai6pCeK,yes,157,2014x1133,326.004,326.004,346.196,1,2.661,31.037,31.708,10,5,6,3,5,3,2.603,3.965,4.626,3,7,3.29,4.381,4.791,2,Never,NA,Medical innovation,157,low,NA
158,245,TRUE,2022-12-19T16:14:17Z,R_2VsaFKQw4b9BOPT,yes,158,1280x1024,12.923,12.923,174.407,1,2.92,8.313,8.813,6,5,5,6,5,5,1.501,1.501,2.544,1,38,2.519,2.519,3.099,1,Other,I have read this text carefully,Medical innovation,158,low,NA
159,1524,TRUE,2022-12-19T16:17:01Z,R_27BdsYrNXCTuzSj,yes,159,1114x627,1225.452,1225.452,1424.279,1,4.388,13.58,14.193,5,7,7,6,7,6,3.843,3.843,4.632,1,72,3.164,6.38,7.032,2,Other,I have read this text carefully,Medical innovation,159,low,NA
160,245,TRUE,2022-12-19T16:19:22Z,R_vD1HjMqibzIQlUt,yes,160,1280x800,10.974,10.974,174.766,1,5.16,25.691,26.671,6,5,6,5,5,5,3.758,3.758,4.958,1,100,5.99,6.446,6.703,2,2-3 times a week,NA,Medical innovation,160,high,NA
161,721,TRUE,2022-12-19T16:22:46Z,R_3fZ8nR0hdYM6Dyd,yes,161,1366x768,31.391,31.391,343.678,1,21.215,109.642,113.369,4,4,6,7,5,6,14.523,14.523,15.663,1,44,12.995,12.995,15.153,1,2-3 times a week,NA,Medical innovation,161,low,NA
162,495,TRUE,2022-12-19T16:23:30Z,R_21AmbO1zdzCUutZ,yes,162,1366x768,13.743,306.514,308.138,3,6.154,20.658,22.566,6,6,6,5,7,5,11.489,12.262,13.244,2,39,3.934,3.934,5.06,1,Other,I have read this text carefully,Medical innovation,162,high,NA
163,229,TRUE,2022-12-19T16:31:44Z,R_2veQ8sZDYGc2WsQ,yes,163,1536x864,14.962,14.962,154.047,1,7.202,21.46,22.601,8,4,4,5,3,4,3.755,3.755,5.048,1,12,3.196,6.045,7.557,3,Once a week,NA,Medical innovation,163,low,NA
164,273,TRUE,2022-12-19T16:32:11Z,R_2rhGuR1rFojG5MJ,yes,164,1920x1080,4.776,4.776,21.611,1,2.082,194.93,195.478,7,6,6,5,6,6,1.892,2.333,2.713,2,66,1.295,4.479,5.068,3,4-6 times a week,NA,Medical innovation,164,low,NA
165,104,TRUE,2022-12-19T16:35:45Z,R_2rVC18KtZfmJgyB,yes,165,1920x1080,7.475,7.475,9.515,1,2.058,7.481,7.951,7,5,5,6,5,6,0.803,2.108,2.602,3,72,1.058,2.59,2.95,3,Other,I have read this text carefully,HR technology,165,high,NA
166,416,TRUE,2022-12-19T16:38:06Z,R_31L5pulaVVTvzMN,yes,166,834x1194,13.619,13.619,313.446,1,7.365,17.936,18.91,7,5,4,3,5,5,1.969,1.969,2.557,1,39,4.307,4.307,5.226,1,Other,I have read this text carefully,Medical innovation,166,low,NA
167,265,TRUE,2022-12-19T16:40:27Z,R_2SuIh1mskRHzCgi,yes,167,1366x768,9,9,194.055,1,10.229,22.301,23.134,4,5,5,5,5,5,2.838,2.838,3.531,1,69,5.31,5.31,6.048,1,Every day,NA,Medical innovation,167,low,NA
168,1132,TRUE,2022-12-19T16:52:30Z,R_cYqkQPjf6SlwZ45,yes,168,1920x1200,6.688,6.688,313.575,1,4.25,9.759,10.445,4,6,7,6,7,6,3.017,3.017,4.017,1,81,3.357,3.357,3.926,1,Other,I have read this text carefully,Medical innovation,168,high,NA
169,21,FALSE,2022-12-19T17:52:22Z,R_2VjN4WB4PHdvgH3,yes,169,424x918,NA,NA,NA,NA,NA,NA,NA,NA,NA,NA,NA,NA,NA,NA,NA,NA,NA,NA,NA,NA,NA,NA,NA,NA,NA,169,high,mobile
144,13,FALSE,2022-12-19T17:52:27Z,R_1ika1fpGXMzY3iy,yes,144,1536x864,NA,NA,NA,NA,NA,NA,NA,NA,NA,NA,NA,NA,NA,NA,NA,NA,NA,NA,NA,NA,NA,NA,NA,NA,NA,144,high,NA
170,41,FALSE,2022-12-19T17:52:27Z,R_2zTSLNvHd0IzzRH,yes,170,1920x1080,NA,NA,NA,NA,NA,NA,NA,NA,NA,NA,NA,NA,NA,NA,NA,NA,NA,NA,NA,NA,NA,NA,NA,NA,NA,170,low,NA
171,107,FALSE,2022-12-19T17:52:28Z,R_1eFtR8ahhmuM1Kr,yes,171,1920x1080,NA,NA,NA,NA,NA,NA,NA,NA,NA,NA,NA,NA,NA,NA,NA,NA,NA,NA,NA,NA,NA,NA,NA,NA,NA,171,high,NA
172,309,FALSE,2022-12-19T17:52:29Z,R_12P7eMbQxVc0OEW,yes,172,393x873,13.512,287.538,288.618,2,NA,NA,NA,NA,NA,NA,NA,NA,NA,NA,NA,NA,NA,NA,NA,NA,NA,NA,NA,NA,NA,172,low,mobile
173,19,FALSE,2022-12-19T17:52:29Z,R_bjBaRvXDJeMCM81,yes,173,1920x1080,NA,NA,NA,NA,NA,NA,NA,NA,NA,NA,NA,NA,NA,NA,NA,NA,NA,NA,NA,NA,NA,NA,NA,NA,NA,173,low,NA
174,93,FALSE,2022-12-19T17:52:32Z,R_2EGE8DtJA70kX0q,yes,174,853x683,19.017,61.192,63.875,3,NA,NA,NA,NA,NA,NA,NA,NA,NA,NA,NA,NA,NA,NA,NA,NA,NA,NA,NA,NA,NA,174,low,NA
175,9,FALSE,2022-12-19T17:52:34Z,R_1I3Px1YQR0qhiI0,yes,175,1280x800,NA,NA,NA,NA,NA,NA,NA,NA,NA,NA,NA,NA,NA,NA,NA,NA,NA,NA,NA,NA,NA,NA,NA,NA,NA,175,high,NA
176,56,FALSE,2022-12-19T17:52:35Z,R_10vCEjeP3W6ojSD,yes,176,412x915,6.619,14.101,49.753,2,NA,NA,NA,NA,NA,NA,NA,NA,NA,NA,NA,NA,NA,NA,NA,NA,NA,NA,NA,NA,NA,176,high,mobile
177,54,FALSE,2022-12-19T17:52:36Z,R_3MKzGyxfO3Lwm11,yes,177,1920x1080,NA,NA,NA,NA,NA,NA,NA,NA,NA,NA,NA,NA,NA,NA,NA,NA,NA,NA,NA,NA,NA,NA,NA,NA,NA,177,low,NA
96,14,FALSE,2022-12-19T17:52:36Z,R_2fJvfSsjvRsDJjc,yes,96,375x667,4.958,5.755,6.412,2,NA,NA,NA,NA,NA,NA,NA,NA,NA,NA,NA,NA,NA,NA,NA,NA,NA,NA,NA,NA,NA,96,low,mobile
178,22,FALSE,2022-12-19T17:52:39Z,R_24BLYPGVrgLPmiR,yes,178,428x926,0,0,9.067,0,NA,NA,NA,NA,NA,NA,NA,NA,NA,NA,NA,NA,NA,NA,NA,NA,NA,NA,NA,NA,NA,178,high,mobile
179,23,FALSE,2022-12-19T17:52:41Z,R_2SB9GrzOGRWQnxT,yes,179,390x844,NA,NA,NA,NA,NA,NA,NA,NA,NA,NA,NA,NA,NA,NA,NA,NA,NA,NA,NA,NA,NA,NA,NA,NA,NA,179,low,mobile
180,24,FALSE,2022-12-19T17:52:41Z,R_1obcnybQpJfiJMt,yes,180,414x896,NA,NA,NA,NA,NA,NA,NA,NA,NA,NA,NA,NA,NA,NA,NA,NA,NA,NA,NA,NA,NA,NA,NA,NA,NA,180,low,mobile
41,13,FALSE,2022-12-19T17:52:42Z,R_a4pkaVzncRf4ZZn,yes,41,360x780,NA,NA,NA,NA,NA,NA,NA,NA,NA,NA,NA,NA,NA,NA,NA,NA,NA,NA,NA,NA,NA,NA,NA,NA,NA,41,high,mobile
181,72,FALSE,2022-12-19T17:52:44Z,R_2TmJsCs4ziTyhfe,yes,181,1280x720,13.976,13.976,15.348,1,8.021,21.771,22.704,8,4,5,4,4,4,4.956,4.956,5.795,1,53,4.555,4.555,5.757,1,NA,NA,NA,181,low,NA
182,4828,FALSE,2022-12-19T17:52:47Z,R_3MxS1xQb8x1j2JL,yes,182,393x851,NA,NA,NA,NA,NA,NA,NA,NA,NA,NA,NA,NA,NA,NA,NA,NA,NA,NA,NA,NA,NA,NA,NA,NA,NA,182,high,mobile
183,7,FALSE,2022-12-19T17:52:54Z,R_2ffaIT9VkxYjNoA,yes,183,414x896,NA,NA,NA,NA,NA,NA,NA,NA,NA,NA,NA,NA,NA,NA,NA,NA,NA,NA,NA,NA,NA,NA,NA,NA,NA,183,low,mobile
184,28,FALSE,2022-12-19T17:52:56Z,R_tYafnsWQ0ZNbpFn,yes,184,1920x1080,NA,NA,NA,NA,NA,NA,NA,NA,NA,NA,NA,NA,NA,NA,NA,NA,NA,NA,NA,NA,NA,NA,NA,NA,NA,184,low,NA
185,59,FALSE,2022-12-19T17:52:56Z,R_D7ZK8lQXsHaBFlL,yes,185,1280x720,NA,NA,NA,NA,NA,NA,NA,NA,NA,NA,NA,NA,NA,NA,NA,NA,NA,NA,NA,NA,NA,NA,NA,NA,NA,185,low,NA
