IPAddress,Duration (in seconds),Finished,RecordedDate,ResponseId,consent,ID,browser_info_Resolution,timer_pitch_deck_First Click,timer_pitch_deck_Last Click,timer_pitch_deck_Page Submit,timer_pitch_deck_Click Count,invest_prob_1,fluency_1,quality,cvpa_v_1,cvpa_v_2,cvpa_v_3,cvpa_v_4,cvpa_a_1,cvpa_a_2,cvpa_a_3,cvpa_a_4,cvpa_r_1,cvpa_r_2,cvpa_r_3,age,gender,invest_experience,attention_check,attention_check_99_TEXT,comprehension_check,PROLIFIC_PID,fluency_condition,quality_condition,device
1,128,TRUE,2022-12-17T14:12:34Z,R_2ta52PCMVYsLGA9,yes,1,390x844,1.029,3.881,27.451,2,70,100,5,Neither agree nor disagree,Disagree,Strongly agree,Agree,Agree,Neither agree nor disagree,Agree,Agree,Strongly agree,Agree,Agree,24,Female,1,2-3 times a week,NA,Public safety,1,high,low,mobile
2,500,TRUE,2022-12-17T14:16:46Z,R_3rYdAdO9SJoih1Q,yes,2,1920x1080,7.026,7.026,389.923,1,0,0,4,Disagree,Strongly disagree,Strongly disagree,Neither agree nor disagree,Strongly disagree,Strongly disagree,Strongly disagree,Strongly disagree,Strongly disagree,Strongly disagree,Strongly disagree,24,Female,0,Other,I have read this text carefully,HR technology,2,high,low,NA
3,300,TRUE,2022-12-17T14:20:11Z,R_1goxo3BqbG0WXXM,yes,3,1536x864,4.651,4.651,164.501,1,3,61,2,Agree,Agree,Agree,Disagree,Neither agree nor disagree,Disagree,Agree,Agree,Agree,Disagree,Neither agree nor disagree,33,Male,0,Other,I have read this text carefully,HR technology,3,high,low,NA
4,431,TRUE,2022-12-17T14:23:14Z,R_ur0nM0zytKlv56x,yes,4,1920x1200,9.262,9.262,302.793,1,40,57,4,Agree,Strongly agree,Strongly agree,Strongly agree,Agree,Agree,Agree,Agree,Agree,Agree,Agree,41,Male,9,Other,I have read this text carefully,HR technology,4,low,high,NA
5,245,TRUE,2022-12-17T14:23:54Z,R_6F2nbISY0p7y5xL,yes,5,2048x1080,10.962,10.962,118.808,1,25,33,3,Agree,Neither agree nor disagree,Agree,Agree,Agree,Neither agree nor disagree,Agree,Neither agree nor disagree,Disagree,Neither agree nor disagree,Disagree,31,Non-binary,1,Other,I have read this text carefully,HR technology,5,low,low,NA
6,142,TRUE,2022-12-17T14:30:01Z,R_29b7lJusLvO3Oaj,yes,6,375x667,0.309,0.758,8.197,2,82,19,4,Neither agree nor disagree,Disagree,Neither agree nor disagree,Disagree,Strongly disagree,Strongly agree,Disagree,Strongly disagree,Neither agree nor disagree,Agree,Disagree,27,Male,1,Other,I have read this text careully,Medical innovation,6,high,high,mobile
7,360,TRUE,2022-12-17T14:31:15Z,R_12nBUBv85VvwpX6,yes,7,1366x768,8.025,11.236,207.675,2,75,100,7,Agree,Agree,Agree,Agree,Agree,Agree,Agree,Agree,Agree,Agree,Agree,64,Female,10,Other,I have read this text carefully,HR technology,7,low,high,NA
8,195,TRUE,2022-12-17T14:35:15Z,R_3NBZ3NuTPUzK5uW,yes,8,1280x720,0.827,1.741,112.757,2,80,100,6,Agree,Strongly agree,Agree,Agree,Neither agree nor disagree,Neither agree nor disagree,Agree,Agree,Agree,Agree,Agree,39,Female,3,Other,I have read this text carefully,HR technology,8,high,low,NA
9,440,TRUE,2022-12-17T14:36:48Z,R_80VlG2lh2wFvYkx,yes,9,414x896,4.609,28.667,303.316,2,70,36,5,Agree,Agree,Agree,Agree,Agree,Agree,Agree,Agree,Agree,Agree,Agree,36,Male,1,4-6 times a week,NA,HR technology,9,low,high,mobile
10,362,TRUE,2022-12-17T14:36:50Z,R_3KwOZXDTsupiqdQ,yes,10,1280x720,10.35,17.847,189.115,2,15,53,4,Agree,Strongly agree,Agree,Agree,Neither agree nor disagree,Neither agree nor disagree,Neither agree nor disagree,Neither agree nor disagree,Strongly agree,Agree,Agree,39,Male,2,2-3 times a week,NA,HR technology,10,low,high,NA
11,416,TRUE,2022-12-17T14:37:30Z,R_2tG35wA2M7i9K6A,yes,11,2560x1440,26.261,26.261,221.125,1,10,100,2,Agree,Agree,Disagree,Agree,Strongly disagree,Neither agree nor disagree,Agree,Agree,Neither agree nor disagree,Agree,Agree,36,Male,3,Other,I have read this text carefully,HR technology,11,high,low,NA
12,352,TRUE,2022-12-17T14:38:13Z,R_3pch9TRnLQiWO2d,yes,12,412x869,1.596,101.41,101.89,3,1,25,3,Agree,Agree,Agree,Agree,Agree,Disagree,Agree,Agree,Agree,Disagree,Strongly disagree,24,Male,2,2-3 times a week,NA,HR technology,12,high,low,mobile
13,230,TRUE,2022-12-17T14:41:43Z,R_2TRgSUo58b8VKfT,yes,13,1024x1366,5.001,5.001,129.861,1,56,58,5,Neither agree nor disagree,Agree,Agree,Strongly agree,Neither agree nor disagree,Neither agree nor disagree,Agree,Neither agree nor disagree,Agree,Agree,Agree,52,Female,3,2-3 times a week,NA,HR technology,13,low,high,NA
14,224,TRUE,2022-12-17T14:41:46Z,R_2dNjYubDJpfB6AF,yes,14,1680x1050,3.628,3.628,79.76,1,41,20,4,Strongly agree,Strongly agree,Strongly agree,Strongly agree,Strongly agree,Strongly agree,Strongly agree,Strongly agree,Strongly agree,Strongly agree,Strongly agree,50,Male,15,Other,I have read this text carefully,HR technology,14,low,high,NA
15,622,TRUE,2022-12-17T14:42:28Z,R_2YVMUCKemvPE6wh,yes,15,1280x800,15.215,15.215,410.735,1,10,29,2,Agree,Agree,Agree,Agree,Disagree,Neither agree nor disagree,Agree,Agree,Agree,Agree,Neither agree nor disagree,63,Male,3,Other,'I have read this text carefully',HR technology,15,high,high,NA
16,940,TRUE,2022-12-17T14:43:18Z,R_2zGrZ9IRwtO6DuR,yes,16,1440x900,3.657,7.625,324.547,2,76,93,6,Strongly agree,Strongly agree,Strongly agree,Strongly agree,Agree,Agree,Neither agree nor disagree,Agree,Strongly agree,Strongly agree,Agree,27,Male,4,Other,I have read this text carefully,HR technology,16,high,high,NA
17,276,TRUE,2022-12-17T14:44:04Z,R_SN57b0A9gae01up,yes,17,414x896,0.766,9.1,95.262,2,30,11,5,Agree,Agree,Agree,Strongly agree,Agree,Agree,Strongly agree,Disagree,Disagree,Agree,Strongly agree,26,Male,3,Other,I have read this text carefully,HR technology,17,low,low,mobile
18,267,TRUE,2022-12-17T14:44:26Z,R_1IWCdv3bSBcHZjb,yes,18,1440x900,14.342,14.342,158.155,1,66,76,5,Agree,Neither agree nor disagree,Strongly agree,Strongly agree,Agree,Agree,Agree,Strongly agree,Strongly agree,Agree,Strongly agree,44,Male,3,Other,I have read this text carefully,HR technology,18,low,low,NA
19,1172,TRUE,2022-12-17T14:48:30Z,R_2DMp1Zk7Z1Belew,yes,19,1920x1080,12.922,12.922,802.144,1,73,60,5,Agree,Agree,Agree,Strongly agree,Agree,Agree,Strongly agree,Agree,Strongly agree,Neither agree nor disagree,Neither agree nor disagree,65,Male,1,Other,I have read this text carefully,HR technology,19,high,low,NA
20,451,TRUE,2022-12-17T14:48:35Z,R_3CTc9GwqlMi27i4,yes,20,1920x1080,7.738,13.324,260.585,2,40,17,3,Agree,Strongly agree,Strongly agree,Strongly agree,Agree,Agree,Strongly agree,Agree,Strongly agree,Neither agree nor disagree,Neither agree nor disagree,68,Male,0,Once a week,NA,HR technology,20,high,high,NA
21,237,TRUE,2022-12-17T14:48:45Z,R_BX2aINkES4bFNyp,yes,21,2048x1152,2.291,11.423,112.209,2,34,33,3,Neither agree nor disagree,Strongly agree,Strongly agree,Agree,Agree,Strongly agree,Agree,Agree,Agree,Agree,Agree,28,Male,3,Every day,NA,HR technology,21,low,low,NA
22,266,TRUE,2022-12-17T14:49:56Z,R_5mTmOm3xEk7TPoJ,yes,22,360x740,1.946,9.641,135.098,2,20,27,4,Neither agree nor disagree,Neither agree nor disagree,Neither agree nor disagree,Agree,Disagree,Neither agree nor disagree,Neither agree nor disagree,Neither agree nor disagree,Neither agree nor disagree,Neither agree nor disagree,Neither agree nor disagree,70,Male,3,Other,I gave read this text carefully,HR technology,22,low,low,mobile
23,387,TRUE,2022-12-17T14:49:59Z,R_1fg8M0lcRdwQfsH,yes,23,1366x768,16.95,16.95,171.623,1,5,3,4,Disagree,Agree,Agree,Disagree,Disagree,Agree,Agree,Disagree,Disagree,Strongly disagree,Disagree,66,Male,26,Other,I have read this text carefully,HR technology,23,high,low,NA
24,383,TRUE,2022-12-17T14:50:46Z,R_1FypcPJVbZAUXpK,yes,24,390x844,3.546,13.092,34.046,2,70,69,5,Agree,Agree,Agree,Strongly agree,Agree,Agree,Agree,Agree,Agree,Neither agree nor disagree,Agree,39,Female,2,4-6 times a week,NA,HR technology,24,high,high,mobile
25,313,TRUE,2022-12-17T14:50:54Z,R_3HOGF5eQyQv1Xr3,yes,25,1300x731,14.211,14.211,176.87,1,30,86,4,Strongly agree,Strongly agree,Strongly agree,Strongly agree,Agree,Strongly agree,Strongly agree,Strongly agree,Agree,Neither agree nor disagree,Agree,51,Female,5,Other,I have read this text carefully,HR technology,25,high,high,NA
26,312,TRUE,2022-12-17T14:51:40Z,R_1lAA5PW1Uz5KXYT,yes,26,1280x720,3.533,3.533,19.261,1,80,100,6,Neither agree nor disagree,Agree,Neither agree nor disagree,Agree,Agree,Agree,Agree,Agree,Agree,Neither agree nor disagree,Neither agree nor disagree,39,Male,20,Other,I have read this text carefully,HR technology,26,high,high,NA
27,191,TRUE,2022-12-17T14:52:04Z,R_2RQDGKrMsE4fS6j,yes,27,390x844,0.331,64.218,65.84,7,72,79,5,Agree,Strongly agree,Strongly agree,Agree,Agree,Agree,Neither agree nor disagree,Agree,Strongly agree,Agree,Agree,22,Male,2,Other,i have read this text carefully,HR technology,27,high,low,mobile
28,334,TRUE,2022-12-17T14:52:11Z,R_2aY1HGKT86HRIep,yes,28,1440x900,4.644,9.399,219.278,5,30,5,3,Agree,Agree,Strongly agree,Strongly agree,Strongly agree,Agree,Agree,Agree,Agree,Disagree,Strongly agree,33,Female,3,Other,I have read this text carefully,HR technology,28,low,low,NA
29,405,TRUE,2022-12-17T14:53:02Z,R_2v00ebcfZhugr4K,yes,29,1536x864,155.397,155.397,261.536,1,60,80,5,Neither agree nor disagree,Agree,Agree,Strongly agree,Agree,Disagree,Agree,Agree,Agree,Agree,Agree,38,Male,10,Other,I have read this text carefully,HR technology,29,high,low,NA
30,272,TRUE,2022-12-17T14:53:21Z,R_D78S1ECAl5N86wV,yes,30,1536x864,8.132,8.132,105.709,1,75,73,6,Disagree,Agree,Agree,Disagree,Agree,Neither agree nor disagree,Neither agree nor disagree,Neither agree nor disagree,Agree,Neither agree nor disagree,Neither agree nor disagree,34,Male,5,Other,I have read this text carefully,HR technology,30,low,high,NA
31,398,TRUE,2022-12-17T14:53:31Z,R_28Idr38NcQUMuyo,yes,31,1360x768,4.998,199.099,200.302,3,75,72,5,Neither agree nor disagree,Agree,Agree,Neither agree nor disagree,Agree,Neither agree nor disagree,Agree,Agree,Agree,Neither agree nor disagree,Neither agree nor disagree,64,Male,30,4-6 times a week,NA,HR technology,31,high,high,NA
32,341,TRUE,2022-12-17T14:54:16Z,R_RXlVoSouk8b6CuB,yes,32,384x854,10.234,202.124,202.793,2,35,78,3,Strongly agree,Strongly agree,Strongly agree,Neither agree nor disagree,Neither agree nor disagree,Neither agree nor disagree,Agree,Agree,Agree,Agree,Agree,39,Male,2,Other,I have read this text carefully,HR technology,32,high,low,mobile
33,170,TRUE,2022-12-17T14:54:38Z,R_p6HpqigHiM1Y2yd,yes,33,1920x1080,7.804,7.804,58.702,1,23,27,4,Disagree,Neither agree nor disagree,Neither agree nor disagree,Agree,Disagree,Disagree,Disagree,Disagree,Disagree,Neither agree nor disagree,Disagree,28,Male,0,Other,I have read this text carefully,HR technology,33,low,low,NA
34,279,TRUE,2022-12-17T14:54:54Z,R_2RXlP7RE9Rs5VIx,yes,34,1920x1080,37.843,37.843,64.82,1,10,20,3,Strongly disagree,Agree,Agree,Neither agree nor disagree,Agree,Neither agree nor disagree,Neither agree nor disagree,Neither agree nor disagree,Strongly disagree,Neither agree nor disagree,Disagree,36,Male,6,Other,I have read this text carefully,HR technology,34,low,high,NA
35,169,TRUE,2022-12-17T14:55:01Z,R_24IatjokHN8g6SF,yes,35,1366x768,5.751,5.751,9.94,1,21,69,3,Neither agree nor disagree,Agree,Neither agree nor disagree,Agree,Agree,Neither agree nor disagree,Neither agree nor disagree,Disagree,Agree,Neither agree nor disagree,Neither agree nor disagree,29,Female,2,Other,I have read this text carefully,HR technology,35,low,high,NA
36,663,TRUE,2022-12-17T14:55:09Z,R_3KAYygsS0t6ul3M,yes,36,1920x1200,11.333,11.333,115.581,1,83,60,6,Strongly agree,Agree,Neither agree nor disagree,Agree,Agree,Agree,Agree,Agree,Agree,Agree,Agree,41,Male,6,4-6 times a week,NA,HR technology,36,low,high,NA
37,300,TRUE,2022-12-17T14:55:18Z,R_3fVnKfvezxkOdvF,yes,37,1152x864,37.921,37.921,168.866,1,40,67,4,Disagree,Agree,Agree,Neither agree nor disagree,Agree,Agree,Disagree,Agree,Agree,Agree,Agree,50,Male,5,Once a week,NA,HR technology,37,high,high,NA
38,429,TRUE,2022-12-17T14:56:19Z,R_2Bht7yCUhSdPISD,yes,38,1920x1080,19.497,19.497,264.417,1,60,16,5,Agree,Agree,Neither agree nor disagree,Neither agree nor disagree,Agree,Agree,Agree,Agree,Agree,Neither agree nor disagree,Neither agree nor disagree,69,Male,35,Other,i have read this text carefully,HR technology,38,high,low,NA
39,257,TRUE,2022-12-17T14:56:33Z,R_1jTYo0JUGjH93Fx,yes,39,360x800,1.582,1.582,2.104,1,79,74,6,Agree,Agree,Agree,Agree,Disagree,Neither agree nor disagree,Agree,Agree,Agree,Agree,Agree,39,Male,5,4-6 times a week,NA,Public safety,39,high,high,mobile
40,228,TRUE,2022-12-17T14:56:37Z,R_tYCVTeaLrRSqzAd,yes,40,1536x864,5.079,5.079,92.205,1,37,62,4,Neither agree nor disagree,Agree,Agree,Agree,Agree,Agree,Agree,Agree,Agree,Neither agree nor disagree,Neither agree nor disagree,37,Male,2,Other,I have read this text carefully,HR technology,40,high,high,NA
41,344,TRUE,2022-12-17T14:57:39Z,R_W1aRgz2oygQL6Wl,yes,41,360x800,9.005,11.002,155.449,2,25,34,3,Agree,Agree,Agree,Agree,Neither agree nor disagree,Neither agree nor disagree,Agree,Neither agree nor disagree,Agree,Disagree,Agree,52,Female,2,Other,I have read this text carefully,HR technology,41,high,low,mobile
42,430,TRUE,2022-12-17T14:57:45Z,R_6yFlyoy3hXg7vk5,yes,42,1920x1080,11.821,11.821,283.086,1,10,24,3,Neither agree nor disagree,Neither agree nor disagree,Disagree,Agree,Disagree,Strongly disagree,Agree,Disagree,Agree,Disagree,Neither agree nor disagree,58,Male,2,Other,I have read this text carefully,HR technology,42,high,low,NA
43,1349,TRUE,2022-12-17T14:58:36Z,R_2uHaeCAUkdcnpUB,yes,43,390x844,6.453,16.345,115.8,4,34,38,4,Neither agree nor disagree,Disagree,Neither agree nor disagree,Neither agree nor disagree,Disagree,Neither agree nor disagree,Neither agree nor disagree,Neither agree nor disagree,Neither agree nor disagree,Disagree,Disagree,35,Female,2,Once a week,NA,Medical innovation,43,high,low,mobile
44,487,TRUE,2022-12-17T14:59:44Z,R_Wffeoyt2k6pR3SV,yes,44,1366x768,9.013,9.013,331.274,1,54,47,5,Neither agree nor disagree,Neither agree nor disagree,Agree,Agree,Neither agree nor disagree,Neither agree nor disagree,Agree,Neither agree nor disagree,Agree,Agree,Agree,64,Female,0,2-3 times a week,NA,HR technology,44,high,high,NA
45,185,TRUE,2022-12-17T15:00:30Z,R_2rBzvlChbGW6IfH,yes,45,360x800,8.764,14.768,100.014,2,20,25,6,Agree,Agree,Agree,Agree,Disagree,Disagree,Agree,Disagree,Agree,Agree,Agree,41,Female,5,2-3 times a week,NA,HR technology,45,high,high,mobile
46,209,TRUE,2022-12-17T15:00:33Z,R_3Gdgz8Gva71upDO,yes,46,412x915,6.283,6.78,110.363,2,0,23,4,Disagree,Agree,Agree,Agree,Neither agree nor disagree,Neither agree nor disagree,Neither agree nor disagree,Agree,Agree,Disagree,Neither agree nor disagree,36,Female,0,Other,I have read this text carefully,HR technology,46,low,low,mobile
47,365,TRUE,2022-12-17T15:00:38Z,R_PYT7g6DnrW6gDRL,yes,47,1280x1024,15.401,15.401,246.123,1,5,75,4,Agree,Agree,Agree,Agree,Neither agree nor disagree,Neither agree nor disagree,Agree,Agree,Agree,Agree,Agree,65,Male,5,Once a week,NA,HR technology,47,high,high,NA
48,410,TRUE,2022-12-17T15:01:36Z,R_2CVzQyL0On0y8d6,yes,48,375x812,2.875,53.951,232.855,4,30,75,4,Neither agree nor disagree,Strongly agree,Strongly agree,Agree,Agree,Neither agree nor disagree,Agree,Agree,Agree,Neither agree nor disagree,Agree,47,Male,6,Other,I have read this text carefully,HR technology,48,high,high,mobile
49,567,TRUE,2022-12-17T15:01:42Z,R_8JuQgY8737cgvL3,yes,49,1536x864,20.932,20.932,326.69,1,60,76,5,Neither agree nor disagree,Strongly agree,Agree,Disagree,Strongly agree,Agree,Agree,Strongly agree,Agree,Agree,Neither agree nor disagree,23,Male,2,Other,I have read this text carefully,HR technology,49,low,high,NA
50,320,TRUE,2022-12-17T15:01:50Z,R_27OKRnueVu3x5ZN,yes,50,390x844,1.928,10.292,44.956,3,66,70,5,Agree,Agree,Neither agree nor disagree,Agree,Agree,Neither agree nor disagree,Agree,Agree,Neither agree nor disagree,Agree,Agree,30,Male,4,Other,I have read this text carefully,HR technology,50,low,high,mobile
51,355,TRUE,2022-12-17T15:02:20Z,R_ehaVrFIBHMjnhzb,yes,51,1366x768,15.258,15.258,198.725,1,34,33,5,Agree,Agree,Strongly agree,Strongly agree,Agree,Neither agree nor disagree,Strongly agree,Agree,Agree,Agree,Agree,57,Female,12,Other,I have read this text carefully,HR technology,51,high,low,NA
52,590,TRUE,2022-12-17T15:02:24Z,R_5cnTqmPNM46jApr,yes,52,375x812,8.311,283.375,286.182,18,50,7,4,Strongly agree,Strongly agree,Strongly agree,Strongly agree,Strongly agree,Strongly agree,Strongly agree,Strongly agree,Strongly agree,Strongly agree,Strongly agree,40,Female,6,2-3 times a week,NA,HR technology,52,high,low,mobile
53,311,TRUE,2022-12-17T15:02:44Z,R_3nNsKX5rUCkTd9h,yes,53,1512x982,46.009,46.009,48.642,1,60,26,5,Strongly disagree,Agree,Agree,Neither agree nor disagree,Agree,Strongly agree,Agree,Agree,Strongly agree,Disagree,Agree,28,Female,0,Once a week,NA,HR technology,53,low,low,NA
54,488,TRUE,2022-12-17T15:02:46Z,R_2BerzSQP0lygYxZ,yes,54,320x568,1.976,17.448,200.692,6,11,62,4,Agree,Agree,Agree,Agree,Neither agree nor disagree,Neither agree nor disagree,Agree,Neither agree nor disagree,Agree,Disagree,Neither agree nor disagree,53,Female,25,Other,I have read this text carefully,HR technology,54,low,low,mobile
55,571,TRUE,2022-12-17T15:03:45Z,R_1IXaugoBYSsATgY,yes,55,1366x768,11.169,11.169,339.452,1,70,10,5,Strongly disagree,Disagree,Disagree,Agree,Disagree,Disagree,Neither agree nor disagree,Disagree,Agree,Agree,Neither agree nor disagree,68,Female,1,Other,I have read this text carefully,HR technology,55,low,low,NA
56,213,TRUE,2022-12-17T15:03:48Z,R_2Cfc9IoymCTMk71,yes,56,1440x900,19.652,21.39,127.489,3,67,73,5,Agree,Agree,Agree,Strongly agree,Agree,Agree,Agree,Agree,Agree,Agree,Agree,25,Female,2,Other,I have read this text carefully,HR technology,56,high,high,NA
57,391,TRUE,2022-12-17T15:03:57Z,R_2Xn5Aj5bvN2ldNh,yes,57,1440x900,3.049,9.299,253.19,2,5,19,3,Agree,Agree,Agree,Agree,Neither agree nor disagree,Neither agree nor disagree,Neither agree nor disagree,Agree,Agree,Agree,Agree,24,Male,0,Other,I have read this text carefully,HR technology,57,low,low,NA
58,562,TRUE,2022-12-17T15:04:15Z,R_SPheDhG6PQMHXnr,yes,58,1600x900,15.557,15.557,327.378,1,0,78,2,Strongly disagree,Neither agree nor disagree,Disagree,Neither agree nor disagree,Disagree,Disagree,Neither agree nor disagree,Neither agree nor disagree,Disagree,Disagree,Disagree,51,Male,15,Other,I have read this text carefully,HR technology,58,high,high,NA
59,173,TRUE,2022-12-17T15:04:57Z,R_5pCN3XFwgS3I21H,yes,59,360x800,4.074,8.93,51.115,3,28,40,5,Neither agree nor disagree,Agree,Agree,Agree,Agree,Disagree,Agree,Agree,Disagree,Agree,Agree,38,Female,2,Other,I have read this text carefully,HR technology,59,high,low,mobile
60,481,TRUE,2022-12-17T15:05:02Z,R_1mF2mUBIr2OvKcx,yes,60,1280x800,76.3,76.3,285.556,1,70,53,4,Agree,Neither agree nor disagree,Agree,Agree,Agree,Neither agree nor disagree,Agree,Agree,Agree,Neither agree nor disagree,Agree,68,Male,1,Other,I have read this text carefully,HR technology,60,high,low,NA
61,423,TRUE,2022-12-17T15:05:21Z,R_24BFisRyENP36fi,yes,61,1536x864,21.836,21.836,25.075,1,70,80,5,Agree,Agree,Agree,Agree,Agree,Agree,Agree,Agree,Agree,Agree,Agree,30,Male,7,Other,I have read this text carefully,HR technology,61,low,high,NA
62,238,TRUE,2022-12-17T15:06:12Z,R_4VgkKCSvHHAwsNj,yes,62,390x844,6.182,8.188,95.614,2,25,58,4,Neither agree nor disagree,Neither agree nor disagree,Neither agree nor disagree,Agree,Neither agree nor disagree,Neither agree nor disagree,Agree,Agree,Agree,Agree,Neither agree nor disagree,56,Male,0,Other,I have read this text carefully,HR technology,62,low,high,mobile
63,538,TRUE,2022-12-17T15:06:13Z,R_1LvbDwCABjdO1uy,yes,63,1280x720,16.398,19.825,350.703,6,3,79,2,Disagree,Disagree,Disagree,Disagree,Disagree,Disagree,Agree,Neither agree nor disagree,Agree,Disagree,Disagree,66,Male,10,Other,I have read this text carefully,HR technology,63,low,high,NA
64,312,TRUE,2022-12-17T15:07:14Z,R_3lVrVqV0DgKg2z1,yes,64,1366x768,10.395,10.395,179.514,1,70,80,6,Neither agree nor disagree,Agree,Agree,Agree,Agree,Agree,Strongly agree,Agree,Strongly agree,Neither agree nor disagree,Agree,51,Male,8,Other,I have read this carefully,HR technology,64,low,high,NA
65,228,TRUE,2022-12-17T15:07:42Z,R_3R1qgpAc5QY79iB,yes,65,384x854,1.001,3.105,123.49,2,14,75,6,Neither agree nor disagree,Agree,Neither agree nor disagree,Disagree,Agree,Neither agree nor disagree,Neither agree nor disagree,Agree,Agree,Disagree,Neither agree nor disagree,29,Male,1,Other,I have read this text carefully,HR technology,65,low,high,mobile
66,469,TRUE,2022-12-17T15:07:45Z,R_3qaI1xWWyr28avq,yes,66,1280x720,3.707,3.707,9.08,1,51,78,4,Agree,Agree,Agree,Agree,Neither agree nor disagree,Agree,Neither agree nor disagree,Agree,Neither agree nor disagree,Agree,Neither agree nor disagree,30,Male,3,2-3 times a week,NA,HR technology,66,high,low,NA
67,320,TRUE,2022-12-17T15:08:34Z,R_2TLV34SZSZBLFlA,yes,67,1224x816,6.822,10.004,84.215,3,62,84,5,Agree,Agree,Agree,Agree,Agree,Agree,Agree,Agree,Strongly agree,Agree,Agree,27,Female,5,Other,I have read this text carefully,HR technology,67,low,low,NA
68,293,TRUE,2022-12-17T15:09:07Z,R_2upKAiFGsS7u1lI,yes,68,412x915,2.719,2.719,169.187,1,70,100,6,Strongly agree,Agree,Strongly agree,Strongly agree,Agree,Agree,Agree,Strongly agree,Agree,Strongly agree,Agree,31,Male,3,2-3 times a week,NA,HR technology,68,low,high,mobile
69,401,TRUE,2022-12-17T15:09:10Z,R_d6akfWjHTl9GT7j,yes,69,412x915,20.407,20.407,264.717,1,0,54,4,Agree,Agree,Neither agree nor disagree,Neither agree nor disagree,Neither agree nor disagree,Neither agree nor disagree,Neither agree nor disagree,Neither agree nor disagree,Neither agree nor disagree,Neither agree nor disagree,Neither agree nor disagree,48,Male,2,Other,I have read this text carefully,HR technology,69,high,low,mobile
70,222,TRUE,2022-12-17T15:09:15Z,R_1Lk5JIPKX7R7QEy,yes,70,414x896,8.684,12.263,105.641,2,10,41,4,Disagree,Agree,Agree,Agree,Agree,Disagree,Agree,Neither agree nor disagree,Agree,Neither agree nor disagree,Neither agree nor disagree,33,Female,4,Other,I have read this text carefully,HR technology,70,low,high,mobile
71,259,TRUE,2022-12-17T15:09:51Z,R_2UWMcw7EgdswaDH,yes,71,375x667,6.705,11.737,132.831,4,50,38,5,Neither agree nor disagree,Agree,Neither agree nor disagree,Agree,Neither agree nor disagree,Neither agree nor disagree,Agree,Agree,Agree,Neither agree nor disagree,Agree,44,Female,5,Other,I have read the text carefully,HR technology,71,low,high,mobile
72,363,TRUE,2022-12-17T15:11:04Z,R_3L0WyZRRG0VLdmb,yes,72,360x640,4.717,18.603,225.53,4,60,35,5,Agree,Neither agree nor disagree,Neither agree nor disagree,Neither agree nor disagree,Neither agree nor disagree,Neither agree nor disagree,Disagree,Disagree,Agree,Agree,Agree,33,Male,0,Every day,NA,HR technology,72,low,high,mobile
8,16,FALSE,2022-12-17T15:11:06Z,R_2ZQwikvJqM19eEA,yes,8,1280x720,NA,NA,NA,NA,NA,NA,NA,NA,NA,NA,NA,NA,NA,NA,NA,NA,NA,NA,NA,NA,NA,NA,NA,NA,8,high,high,NA
73,332,TRUE,2022-12-17T15:11:15Z,R_1CqhIdgbyA1yVBf,yes,73,1920x1080,11.125,11.125,128.372,1,74,89,6,Agree,Agree,Agree,Strongly agree,Agree,Agree,Agree,Agree,Strongly agree,Agree,Neither agree nor disagree,28,Male,6,Other,I have read this text carefully' below,HR technology,73,low,low,NA
74,412,TRUE,2022-12-17T15:11:18Z,R_32VBJ5EK3kg8DPw,yes,74,1536x864,10.296,10.296,280.962,1,0,14,4,Strongly disagree,Agree,Agree,Neither agree nor disagree,Neither agree nor disagree,Agree,Agree,Neither agree nor disagree,Neither agree nor disagree,Disagree,Disagree,29,Female,0,Other,I have read this text carefully,HR technology,74,low,low,NA
75,320,TRUE,2022-12-17T15:11:41Z,R_rl4rV3QjmeWBulX,yes,75,390x844,0.734,11.346,77.441,3,75,69,5,Agree,Strongly agree,Agree,Agree,Neither agree nor disagree,Neither agree nor disagree,Agree,Agree,Agree,Neither agree nor disagree,Agree,42,Male,8,Other,I have read this text carefully,HR technology,75,high,low,mobile
76,690,TRUE,2022-12-17T15:12:55Z,R_3COAxe7i5ZiDP44,yes,76,1920x1080,9.789,9.789,333.367,1,55,97,5,Agree,Strongly agree,Strongly agree,Agree,Strongly agree,Strongly agree,Agree,Agree,Agree,Disagree,Disagree,46,Male,8,Every day,NA,HR technology,76,low,low,NA
77,638,TRUE,2022-12-17T15:13:22Z,R_cZaQdEnqFm59mHT,yes,77,375x667,1.019,337.82,338.858,22,70,21,4,Agree,Agree,Agree,Strongly agree,Disagree,Disagree,Disagree,Neither agree nor disagree,Agree,Neither agree nor disagree,Agree,44,Male,7,Other,I have read this text carefully,HR technology,77,low,high,mobile
78,342,TRUE,2022-12-17T15:14:10Z,R_CgD0JLEnqXMAds5,yes,78,1536x864,4.108,4.108,194.436,1,40,32,5,Disagree,Agree,Neither agree nor disagree,Neither agree nor disagree,Neither agree nor disagree,Disagree,Disagree,Neither agree nor disagree,Disagree,Agree,Disagree,33,Female,5,Other,I have read this ext carefully,HR technology,78,low,high,NA
79,417,TRUE,2022-12-17T15:14:14Z,R_33EA0xk8BmNSVva,yes,79,1920x1080,6.752,6.752,105.953,1,7,16,2,Neither agree nor disagree,Strongly disagree,Disagree,Neither agree nor disagree,Neither agree nor disagree,Disagree,Disagree,Disagree,Disagree,Disagree,Disagree,32,Male,0,Other,I have read this text carefully,HR technology,79,low,high,NA
80,252,TRUE,2022-12-17T15:14:27Z,R_2PdH4KFjt9p5L9R,yes,80,390x844,24.944,29.28,106.511,2,30,64,3,Agree,Strongly agree,Agree,Strongly agree,Agree,Strongly agree,Agree,Agree,Agree,Agree,Neither agree nor disagree,34,Male,2,Other,I have read this text carefully,HR technology,80,low,low,mobile
81,422,TRUE,2022-12-17T15:14:46Z,R_2dL0G9pRQ5lMl7L,yes,81,375x812,117.828,119.805,263.21,2,65,34,4,Neither agree nor disagree,Agree,Disagree,Neither agree nor disagree,Neither agree nor disagree,Neither agree nor disagree,Agree,Agree,Agree,Agree,Agree,31,Female,1,Never,NA,HR technology,81,high,low,mobile
82,644,TRUE,2022-12-17T15:14:57Z,R_1zvzcgHi3F3s8yR,yes,82,375x812,11.29,283.768,285.194,11,81,72,6,Agree,Agree,Strongly agree,Strongly agree,Strongly agree,Strongly agree,Strongly agree,Strongly agree,Strongly agree,Strongly agree,Strongly agree,37,Female,5,Other,I have read this text carefully.,HR technology,82,high,low,mobile
83,380,TRUE,2022-12-17T15:15:19Z,R_2c26G09TQgpenRj,yes,83,2560x1440,35.717,35.717,210.626,1,60,65,5,Strongly agree,Agree,Agree,Agree,Agree,Strongly agree,Strongly agree,Strongly agree,Strongly agree,Strongly agree,Strongly agree,23,Male,3,Other,I have read this text carefully,HR technology,83,high,high,NA
84,359,TRUE,2022-12-17T15:15:32Z,R_2sXgZXWlw0xyrcF,yes,84,1920x1080,8.352,8.352,172.645,1,68,100,6,Neither agree nor disagree,Strongly agree,Strongly agree,Agree,Strongly agree,Agree,Agree,Strongly agree,Agree,Agree,Agree,24,Male,2,Other,I have read this text carefully,HR technology,84,low,low,NA
85,622,TRUE,2022-12-17T15:15:46Z,R_31ygviNoch9iSdE,yes,85,1920x1080,11.02,11.02,313.08,1,30,42,4,Strongly agree,Strongly agree,Agree,Agree,Agree,Agree,Agree,Neither agree nor disagree,Disagree,Agree,Agree,30,Female,1,4-6 times a week,NA,HR technology,85,high,low,NA
86,653,TRUE,2022-12-17T15:17:09Z,R_BtXq9VyJoRxgsrn,yes,86,1280x720,16.857,16.857,322.794,1,60,66,5,Agree,Agree,Neither agree nor disagree,Neither agree nor disagree,Neither agree nor disagree,Neither agree nor disagree,Neither agree nor disagree,Neither agree nor disagree,Agree,Agree,Agree,40,Male,2,Other,I have read this text carefully,HR technology,86,high,high,NA
87,498,TRUE,2022-12-17T15:17:53Z,R_6yR1DH31My6bJ29,yes,87,1920x1080,9.644,9.644,313.665,1,70,66,6,Neither agree nor disagree,Agree,Agree,Agree,Agree,Neither agree nor disagree,Agree,Agree,Agree,Neither agree nor disagree,Agree,59,Female,0,Other,I have read this text carefully,HR technology,87,low,high,NA
88,185,TRUE,2022-12-17T15:18:22Z,R_3PXnpmAbrYsCSYR,yes,88,1536x864,0,0,7.574,0,15,35,4,Agree,Neither agree nor disagree,Agree,Neither agree nor disagree,Neither agree nor disagree,Neither agree nor disagree,Agree,Neither agree nor disagree,Agree,Neither agree nor disagree,Neither agree nor disagree,36,Male,3,Other,I have read this text carefully,HR technology,88,low,low,NA
89,383,TRUE,2022-12-17T15:18:41Z,R_ugB2w6Md4lDL8v7,yes,89,800x1334,12.126,12.126,230.526,1,10,29,3,Neither agree nor disagree,Agree,Agree,Agree,Agree,Neither agree nor disagree,Agree,Neither agree nor disagree,Agree,Neither agree nor disagree,Neither agree nor disagree,51,Female,10,Other,I have read this text carefully,HR technology,89,low,low,mobile
90,345,TRUE,2022-12-17T15:19:16Z,R_1hA2la1l5MrpwYb,yes,90,1920x1080,8.588,8.588,211.233,1,70,86,6,Agree,Agree,Neither agree nor disagree,Neither agree nor disagree,Disagree,Disagree,Agree,Neither agree nor disagree,Agree,Disagree,Disagree,39,Male,2,2-3 times a week,NA,HR technology,90,high,high,NA
91,516,TRUE,2022-12-17T15:20:38Z,R_3MEE7H2lMXkTEWd,yes,91,390x844,4.532,16.17,332.589,3,60,52,6,Agree,Strongly agree,Strongly agree,Agree,Agree,Neither agree nor disagree,Agree,Agree,Agree,Strongly agree,Strongly agree,33,Male,3,2-3 times a week,NA,HR technology,91,low,low,mobile
92,735,TRUE,2022-12-17T15:21:14Z,R_1nZr8FvVyZo8WtJ,yes,92,1280x1024,15.253,15.253,322.134,1,10,23,4,Disagree,Agree,Neither agree nor disagree,Disagree,Strongly disagree,Disagree,Agree,Disagree,Disagree,Disagree,Disagree,65,Male,5,Other,I have read this text carefully,HR technology,92,high,low,NA
93,659,TRUE,2022-12-17T15:22:14Z,R_ZJZH1QvbJNJ3iRb,yes,93,1366x768,66.981,383.699,388.249,2,51,13,5,Disagree,Neither agree nor disagree,Neither agree nor disagree,Disagree,Disagree,Strongly disagree,Neither agree nor disagree,Strongly disagree,Agree,Agree,Agree,57,Male,1,Other,I have read this text carefully,HR technology,93,high,high,NA
94,105,TRUE,2022-12-17T15:22:58Z,R_2P5wGMQtAGZLtux,yes,94,384x857,0.435,0.435,1.295,1,18,30,4,Neither agree nor disagree,Agree,Agree,Neither agree nor disagree,Neither agree nor disagree,Neither agree nor disagree,Agree,Neither agree nor disagree,Agree,Disagree,Disagree,55,Female,1,Other,I have read this text carefully.,HR technology,94,high,high,mobile
95,538,TRUE,2022-12-17T15:23:29Z,R_r8wL0lWWF7kqoX7,yes,95,414x896,5.556,305.827,308.514,5,13,75,2,Neither agree nor disagree,Agree,Agree,Agree,Disagree,Disagree,Disagree,Disagree,Agree,Strongly disagree,Disagree,59,Female,0,Other,I have read the text carefully.,HR technology,95,low,low,mobile
96,266,TRUE,2022-12-17T15:23:33Z,R_2v38zmK6HLivaZg,yes,96,1920x1080,47.184,47.184,169.103,1,15,80,5,Neither agree nor disagree,Strongly agree,Neither agree nor disagree,Agree,Agree,Neither agree nor disagree,Agree,Agree,Strongly agree,Agree,Agree,33,Female,0,Other,I have read this text carefully,HR technology,96,low,high,NA
97,299,TRUE,2022-12-17T15:24:22Z,R_2OVaQtA5mibhJN8,yes,97,360x800,3.877,170.096,170.73,2,100,100,6,Strongly agree,Strongly agree,Agree,Agree,Strongly agree,Strongly agree,Strongly agree,Strongly agree,Agree,Strongly agree,Agree,45,Male,2,Other,I have read this text carefully,HR technology,97,low,high,mobile
98,398,TRUE,2022-12-17T15:25:14Z,R_1qURzbonwAj16eM,yes,98,375x667,1.333,7.523,170.318,3,71,70,5,Agree,Agree,Agree,Agree,Agree,Agree,Agree,Agree,Agree,Agree,Strongly agree,30,Male,0,Other,I have read this text carefully,HR technology,98,low,low,mobile
99,363,TRUE,2022-12-17T15:25:14Z,R_1dirgFEuJewT7lZ,yes,99,1920x1080,17.929,17.929,47.179,1,65,73,5,Agree,Neither agree nor disagree,Neither agree nor disagree,Disagree,Neither agree nor disagree,Neither agree nor disagree,Agree,Disagree,Neither agree nor disagree,Neither agree nor disagree,Agree,26,Male,0,Other,i have read this text carefully,HR technology,99,high,low,NA
100,554,TRUE,2022-12-17T15:26:37Z,R_1M4EmcQEcxzZLzr,yes,100,360x804,0.728,284.009,284.714,5,75,25,5,Strongly agree,Strongly agree,Strongly agree,Agree,Strongly agree,Strongly agree,Agree,Agree,Agree,Strongly agree,Strongly agree,24,Male,3,Other,I have read this text carefully,HR technology,100,high,high,mobile
101,257,TRUE,2022-12-17T15:28:25Z,R_1esJxTHoApuNXar,yes,101,768x1024,10.135,140.383,143.126,2,10,25,2,Strongly agree,Strongly agree,Strongly agree,Strongly agree,Neither agree nor disagree,Neither agree nor disagree,Agree,Strongly agree,Strongly agree,Agree,Agree,49,Male,0,Other,I have read this text carefully,HR technology,101,high,high,NA
102,180,TRUE,2022-12-17T15:28:29Z,R_D36DzehVBPNus6t,yes,102,393x852,0.799,7.373,102.185,2,0,100,3,Agree,Agree,Agree,Disagree,Disagree,Disagree,Agree,Agree,Agree,Neither agree nor disagree,Agree,32,Female,0,Every day,NA,HR technology,102,low,high,mobile
103,333,TRUE,2022-12-17T15:29:45Z,R_3CVPxIl8WFsA2Vn,yes,103,375x812,0.793,10.997,170.322,6,35,58,5,Neither agree nor disagree,Agree,Disagree,Agree,Neither agree nor disagree,Disagree,Agree,Neither agree nor disagree,Agree,Neither agree nor disagree,Disagree,23,Male,1,Other,I have read this text carefully,HR technology,103,high,low,mobile
104,314,TRUE,2022-12-17T15:30:03Z,R_27eQsuRSuyTXjpu,yes,104,390x844,2.432,153.097,153.873,3,39,59,4,Neither agree nor disagree,Agree,Agree,Agree,Neither agree nor disagree,Neither agree nor disagree,Neither agree nor disagree,Neither agree nor disagree,Agree,Neither agree nor disagree,Agree,45,Male,4,Other,I have read this text carefully,HR technology,104,low,low,mobile
105,521,TRUE,2022-12-17T15:31:18Z,R_T4PcRRlWz110z5f,yes,105,486x1079,12.954,12.954,139.998,1,61,67,5,Agree,Agree,Agree,Agree,Agree,Agree,Agree,Agree,Agree,Agree,Strongly agree,34,Female,3,Other,I have read this text carefully,HR technology,105,high,low,mobile
106,373,TRUE,2022-12-17T15:31:26Z,R_12nj3toatBQP6A6,yes,106,360x800,1.322,229.444,231.475,5,27,76,2,Disagree,Agree,Neither agree nor disagree,Disagree,Agree,Agree,Agree,Agree,Agree,Neither agree nor disagree,Agree,51,Male,5,Other,I have read this text carefully,HR technology,106,high,high,mobile
107,155,TRUE,2022-12-17T15:31:49Z,R_3Dezu3wWkqbzhFg,yes,107,414x736,0.377,9.515,58.042,5,67,47,4,Agree,Agree,Disagree,Neither agree nor disagree,Agree,Strongly agree,Agree,Neither agree nor disagree,Disagree,Neither agree nor disagree,Neither agree nor disagree,22,Male,2,Other,I have read this text carefully,HR technology,107,low,low,mobile
108,510,TRUE,2022-12-17T15:32:05Z,R_3P7eSiSpTwQEbUX,yes,108,2560x1440,3.002,12.394,340.494,2,36,75,5,Agree,Agree,Agree,Strongly agree,Agree,Agree,Agree,Neither agree nor disagree,Strongly agree,Agree,Agree,33,Male,4,4-6 times a week,NA,HR technology,108,high,high,NA
109,447,TRUE,2022-12-17T15:32:27Z,R_12g60wN6AdGgOH9,yes,109,375x667,0.729,199.593,199.647,4,71,80,6,Neither agree nor disagree,Agree,Agree,Agree,Neither agree nor disagree,Neither agree nor disagree,Agree,Agree,Disagree,Disagree,Disagree,26,Female,0,Other,I have read this text carefully,HR technology,109,high,low,mobile
110,115,TRUE,2022-12-17T15:33:04Z,R_3Do4fpNUTHzMNlQ,yes,110,412x892,0.842,0.842,11.201,1,49,87,5,Agree,Strongly agree,Strongly agree,Agree,Strongly agree,Strongly agree,Strongly agree,Strongly agree,Agree,Neither agree nor disagree,Agree,47,Male,5,2-3 times a week,NA,HR technology,110,low,low,mobile
111,298,TRUE,2022-12-17T15:33:37Z,R_2OZ4po4Ty1Rv6RG,yes,111,1440x900,22.485,22.485,152.562,1,60,42,5,Agree,Strongly agree,Strongly agree,Strongly agree,Strongly agree,Strongly agree,Neither agree nor disagree,Strongly agree,Strongly agree,Strongly agree,Strongly agree,53,Male,0,Other,I have read this text carefully,HR technology,111,low,low,NA
112,774,TRUE,2022-12-17T15:33:49Z,R_3MljVy9x37SK7uI,yes,112,1280x720,6.435,6.435,185.536,1,20,83,4,Disagree,Agree,Agree,Agree,Neither agree nor disagree,Neither agree nor disagree,Agree,Agree,Agree,Disagree,Disagree,42,Male,3,Other,I have read this text carefully,HR technology,112,high,low,NA
113,286,TRUE,2022-12-17T15:33:50Z,R_2dFscLgMVRG2kOM,yes,113,810x1080,8.986,8.986,167.828,1,40,94,5,Agree,Agree,Agree,Agree,Neither agree nor disagree,Neither agree nor disagree,Agree,Agree,Agree,Agree,Neither agree nor disagree,37,Female,4,Other,I have read this text carefully.,HR technology,113,high,high,NA
114,276,TRUE,2022-12-17T15:35:01Z,R_3L0ESBDTwdzRxKU,yes,114,1080x1920,11.458,11.458,92.496,1,5,17,3,Neither agree nor disagree,Neither agree nor disagree,Neither agree nor disagree,Disagree,Neither agree nor disagree,Disagree,Agree,Neither agree nor disagree,Agree,Agree,Disagree,42,Male,15,Other,I have read this text carefully,HR technology,114,low,low,NA
115,135,TRUE,2022-12-17T15:35:05Z,R_1KeceEUYCLSPpn3,yes,115,414x896,15.334,15.334,16.333,1,50,52,4,Agree,Strongly agree,Agree,Strongly agree,Agree,Agree,Agree,Agree,Agree,Agree,Strongly agree,32,Female,0,Never,NA,HR technology,115,high,high,mobile
116,297,TRUE,2022-12-17T15:35:40Z,R_2rMEj3qMZhZFYVZ,yes,116,2560x1080,8.605,8.605,160.748,1,25,19,4,Disagree,Disagree,Agree,Disagree,Neither agree nor disagree,Neither agree nor disagree,Agree,Agree,Agree,Disagree,Disagree,47,Male,0,Other,I have read this text carefully,HR technology,116,low,high,NA
117,362,TRUE,2022-12-17T15:36:13Z,R_3IVLBijT0e4DP7r,yes,117,1024x1366,12.245,12.245,220.451,1,0,62,3,Neither agree nor disagree,Strongly agree,Strongly agree,Neither agree nor disagree,Neither agree nor disagree,Neither agree nor disagree,Agree,Strongly agree,Agree,Strongly disagree,Strongly disagree,47,Female,11,Other,I have read this text carefully,HR technology,117,high,low,NA
118,299,TRUE,2022-12-17T15:38:02Z,R_245Jq85mtfP1sCA,yes,118,375x667,8.933,16.381,197.422,6,0,0,1,Strongly agree,Strongly agree,Strongly agree,Strongly agree,Strongly agree,Strongly agree,Strongly agree,Strongly agree,Strongly agree,Strongly agree,Strongly agree,30,Male,4,Other,I have read this text carefully,HR technology,118,high,low,mobile
119,318,TRUE,2022-12-17T15:38:46Z,R_3COYKToQMlhOFV6,yes,119,1536x864,34.473,143.152,145.782,3,5,74,2,Agree,Strongly agree,Strongly agree,Agree,Agree,Neither agree nor disagree,Agree,Agree,Strongly agree,Agree,Agree,35,Male,14,Other,I have read this text carefully,HR technology,119,high,high,NA
120,241,TRUE,2022-12-17T15:38:57Z,R_25WrpfaaR5I9yA0,yes,120,1920x1080,7.451,7.451,122.114,1,25,92,3,Disagree,Neither agree nor disagree,Agree,Agree,Disagree,Disagree,Strongly disagree,Disagree,Disagree,Disagree,Neither agree nor disagree,35,Male,0,Other,I have read this text carefully,HR technology,120,high,low,NA
121,217,TRUE,2022-12-17T15:39:01Z,R_2cec5EYHOZiyXJD,yes,121,384x824,6.714,8.571,85.939,2,27,100,5,Agree,Strongly agree,Agree,Agree,Agree,Agree,Agree,Agree,Agree,Neither agree nor disagree,Neither agree nor disagree,35,Male,3,Other,I have read this text carefully,HR technology,121,low,high,mobile
122,183,TRUE,2022-12-17T15:39:13Z,R_2z8xTdhZrKGRrPi,yes,122,390x844,4.775,8.66,79.995,3,58,100,5,Neither agree nor disagree,Agree,Agree,Agree,Neither agree nor disagree,Agree,Agree,Agree,Agree,Agree,Agree,27,Female,0,Once a week,NA,HR technology,122,low,low,mobile
123,421,TRUE,2022-12-17T15:40:04Z,R_22DsejJ5iW8lSAf,yes,123,1920x1080,16.062,16.062,21.458,1,35,38,5,Neither agree nor disagree,Agree,Neither agree nor disagree,Disagree,Neither agree nor disagree,Neither agree nor disagree,Neither agree nor disagree,Neither agree nor disagree,Disagree,Disagree,Neither agree nor disagree,38,Male,0,Other,I have read this text carefully,HR technology,123,low,low,NA
19,799,FALSE,2022-12-17T15:40:50Z,R_3yn08oqUyRHWfDj,yes,19,1920x1080,NA,NA,NA,NA,NA,NA,NA,NA,NA,NA,NA,NA,NA,NA,NA,NA,NA,NA,NA,NA,NA,NA,NA,NA,19,high,low,NA
124,177,TRUE,2022-12-17T15:40:50Z,R_1NbmrTshxEo7iOl,yes,124,412x915,1.023,12.052,34.734,2,71,73,5,Neither agree nor disagree,Strongly agree,Agree,Agree,Neither agree nor disagree,Neither agree nor disagree,Neither agree nor disagree,Agree,Agree,Strongly agree,Agree,37,Male,5,Once a week,NA,HR technology,124,low,low,mobile
125,1604,TRUE,2022-12-17T15:41:24Z,R_38knn53MBzYx73j,yes,125,1728x1117,7.755,7.755,136.681,1,61,28,5,Agree,Strongly agree,Agree,Strongly agree,Agree,Agree,Agree,Agree,Agree,Agree,Agree,41,Male,5,Other,I have read this text carefully,HR technology,125,high,high,NA
126,175,TRUE,2022-12-17T15:42:16Z,R_ugAGPRjCULZE2Z3,yes,126,1536x864,6.937,6.937,77.16,1,70,94,6,Strongly agree,Strongly agree,Strongly agree,Strongly agree,Strongly agree,Strongly agree,Strongly agree,Strongly agree,Strongly agree,Agree,Agree,46,Female,25,Other,I have read this text carefully,HR technology,126,low,high,NA
127,397,TRUE,2022-12-17T15:42:23Z,R_25BF6l9kpqthVhe,yes,127,412x869,2.835,6.217,214.756,2,65,78,5,Agree,Strongly agree,Agree,Agree,Disagree,Disagree,Neither agree nor disagree,Disagree,Agree,Neither agree nor disagree,Disagree,46,Female,2,Other,I have read this text carefully,HR technology,127,high,low,mobile
128,201,TRUE,2022-12-17T15:42:26Z,R_2uImi8HT4dC9knb,yes,128,2560x1440,7.131,7.131,25.753,1,51,13,4,Agree,Agree,Neither agree nor disagree,Agree,Neither agree nor disagree,Neither agree nor disagree,Neither agree nor disagree,Neither agree nor disagree,Neither agree nor disagree,Neither agree nor disagree,Neither agree nor disagree,39,Male,0,4-6 times a week,NA,HR technology,128,low,low,NA
129,179,TRUE,2022-12-17T15:42:57Z,R_10oyBupaphfAL7j,yes,129,393x851,1.837,5.888,74.399,3,20,15,5,Agree,Agree,Agree,Agree,Neither agree nor disagree,Neither agree nor disagree,Neither agree nor disagree,Agree,Strongly agree,Agree,Agree,46,Male,7,Other,I have read this text carefully,HR technology,129,low,low,mobile
130,481,TRUE,2022-12-17T15:43:38Z,R_23ZGylnQFvsx3ci,yes,130,414x896,64.233,65.463,244.323,2,80,52,7,Strongly agree,Strongly agree,Strongly agree,Strongly agree,Strongly agree,Strongly agree,Strongly agree,Strongly agree,Strongly agree,Strongly agree,Strongly agree,40,Female,1,Never,NA,HR technology,130,low,high,mobile
131,243,TRUE,2022-12-17T15:43:58Z,R_RmDKyMICcOHaa53,yes,131,412x915,2.6,5.596,82.168,3,61,84,5,Agree,Strongly agree,Agree,Strongly agree,Agree,Agree,Agree,Strongly agree,Strongly agree,Neither agree nor disagree,Agree,50,Male,8,2-3 times a week,NA,HR technology,131,low,high,mobile
132,624,TRUE,2022-12-17T15:44:19Z,R_ukrEnmwUgSfPdzX,yes,132,1920x1080,3.688,3.688,23.959,1,83,80,6,Neither agree nor disagree,Strongly agree,Agree,Agree,Agree,Neither agree nor disagree,Agree,Agree,Agree,Agree,Agree,24,Male,1,Other,I have read this text carefully,HR technology,132,high,high,NA
133,245,TRUE,2022-12-17T15:47:03Z,R_38yN9RdezvYsvhD,yes,133,432x936,22.5,22.5,82.359,1,5,12,2,Agree,Agree,Agree,Agree,Neither agree nor disagree,Neither agree nor disagree,Agree,Neither agree nor disagree,Agree,Neither agree nor disagree,Neither agree nor disagree,58,Male,5,Other,I have read this text carefully,HR technology,133,low,low,mobile
134,9,FALSE,2022-12-17T15:47:08Z,R_3NWmmr3VU2PG0wC,yes,134,360x640,NA,NA,NA,NA,NA,NA,NA,NA,NA,NA,NA,NA,NA,NA,NA,NA,NA,NA,NA,NA,NA,NA,NA,NA,134,low,high,mobile
135,311,TRUE,2022-12-17T15:47:32Z,R_1FhSiHsmrNOrJ66,yes,135,1024x1366,44.642,44.642,165.939,1,0,61,3,Strongly disagree,Agree,Neither agree nor disagree,Neither agree nor disagree,Agree,Neither agree nor disagree,Agree,Agree,Agree,Disagree,Neither agree nor disagree,54,Male,15,Other,I have read this text carefully,HR technology,135,low,high,NA
136,389,TRUE,2022-12-17T15:48:05Z,R_2tbtFA2R32lxHih,yes,136,375x667,4.237,11.185,171.25,2,43,80,6,Agree,Neither agree nor disagree,Disagree,Agree,Neither agree nor disagree,Disagree,Agree,Neither agree nor disagree,Agree,Neither agree nor disagree,Neither agree nor disagree,35,Male,1,Other,I have read this text carefully,HR technology,136,high,high,mobile
137,1439,TRUE,2022-12-17T15:48:06Z,R_2fuQKCGiWXbc5qS,yes,137,1280x720,72.439,584.817,586.338,3,80,85,4,Neither agree nor disagree,Neither agree nor disagree,Neither agree nor disagree,Neither agree nor disagree,Agree,Agree,Agree,Neither agree nor disagree,Agree,Agree,Disagree,38,Male,0,Other,I have read this text carefully,HR technology,137,high,high,NA
138,637,TRUE,2022-12-17T15:48:32Z,R_PAmvlZEjy0aKDE5,yes,138,1536x960,67.966,67.966,402.293,1,65,20,5,Agree,Agree,Agree,Agree,Agree,Neither agree nor disagree,Agree,Agree,Agree,Agree,Agree,39,Male,1,Other,I have read this text carefully,HR technology,138,low,high,NA
139,362,TRUE,2022-12-17T15:49:41Z,R_2TN2SnoUW0I1Pzs,yes,139,393x873,5.043,10.511,200.223,2,35,79,4,Neither agree nor disagree,Agree,Agree,Neither agree nor disagree,Disagree,Agree,Neither agree nor disagree,Agree,Agree,Neither agree nor disagree,Disagree,26,Male,2,Other,I have read this text carefully,HR technology,139,high,high,mobile
140,405,TRUE,2022-12-17T15:50:35Z,R_2fIKpIvkej36P7S,yes,140,1680x1050,2.155,25.019,222.314,2,30,80,3,Neither agree nor disagree,Strongly agree,Agree,Agree,Disagree,Neither agree nor disagree,Agree,Neither agree nor disagree,Agree,Neither agree nor disagree,Agree,24,Female,2,Other,I have read this text carefully,HR technology,140,low,low,NA
141,252,TRUE,2022-12-17T15:51:00Z,R_2wRKlVSeuFSgF5l,yes,141,1600x900,17.63,17.63,133.526,1,66,36,5,Agree,Agree,Agree,Strongly agree,Neither agree nor disagree,Agree,Agree,Agree,Agree,Disagree,Agree,33,Female,8,Other,I have read this text carefully,HR technology,141,low,low,NA
142,395,TRUE,2022-12-17T15:51:00Z,R_vdWDsWVZpsOD9pD,yes,142,1920x1080,17.199,17.199,251.042,1,85,91,6,Agree,Strongly agree,Agree,Agree,Agree,Neither agree nor disagree,Agree,Agree,Agree,Agree,Neither agree nor disagree,26,Male,1,Other,I have read this text carefully,HR technology,142,high,high,NA
143,441,TRUE,2022-12-17T15:51:10Z,R_2E6O8vbUGwpLUbS,yes,143,412x892,7.501,290.495,292.463,4,37,11,4,Neither agree nor disagree,Neither agree nor disagree,Disagree,Agree,Agree,Disagree,Agree,Agree,Neither agree nor disagree,Neither agree nor disagree,Neither agree nor disagree,32,Male,0,Other,I have read this text carefully,HR technology,143,low,low,mobile
144,616,TRUE,2022-12-17T15:51:20Z,R_1DA74MevQTjhpzh,yes,144,320x568,2.358,9.112,451.181,3,65,87,5,Disagree,Agree,Agree,Neither agree nor disagree,Disagree,Disagree,Disagree,Disagree,Disagree,Agree,Agree,35,Male,1,Other,I have read this text carefully,HR technology,144,low,low,mobile
145,480,TRUE,2022-12-17T15:52:03Z,R_2y71BcImrZnEMku,yes,145,1366x768,13.961,318.938,319.639,2,72,69,5,Neither agree nor disagree,Agree,Agree,Agree,Agree,Agree,Agree,Agree,Agree,Neither agree nor disagree,Neither agree nor disagree,44,Male,7,Other,I have read this text carefully,HR technology,145,low,high,NA
146,224,TRUE,2022-12-17T15:52:29Z,R_2as5BiThGxv72SV,yes,146,360x780,2.556,116.352,116.979,4,15,25,4,Disagree,Disagree,Disagree,Disagree,Neither agree nor disagree,Agree,Agree,Disagree,Agree,Disagree,Disagree,32,Female,2,Once a week,NA,HR technology,146,low,low,mobile
55,25,FALSE,2022-12-17T15:53:00Z,R_25RDbfSqhHMOvKm,yes,55,800x1280,NA,NA,NA,NA,NA,NA,NA,NA,NA,NA,NA,NA,NA,NA,NA,NA,NA,NA,NA,NA,NA,NA,NA,NA,55,low,low,mobile
147,355,TRUE,2022-12-17T15:53:17Z,R_1CphqGXNT3CSTSz,yes,147,1280x720,15.36,16.108,176.891,2,56,40,4,Agree,Agree,Neither agree nor disagree,Agree,Disagree,Neither agree nor disagree,Neither agree nor disagree,Neither agree nor disagree,Neither agree nor disagree,Neither agree nor disagree,Agree,26,Male,1,Other,I have read this text carefully,HR technology,147,low,low,NA
148,236,TRUE,2022-12-17T15:53:24Z,R_2DNREaprov0EpdA,yes,148,1366x768,13.655,50.387,51.585,4,82,83,6,Agree,Agree,Strongly agree,Agree,Strongly agree,Agree,Agree,Agree,Agree,Agree,Agree,29,Male,3,Other,text,HR technology,148,low,low,NA
149,403,TRUE,2022-12-17T15:54:36Z,R_3PAeeSWAyNNN1Mn,yes,149,360x880,8.503,8.503,237.814,1,40,100,5,Strongly agree,Strongly agree,Strongly agree,Strongly agree,Agree,Neither agree nor disagree,Agree,Agree,Strongly agree,Agree,Strongly agree,45,Prefer not to say,0,Other,I have read this text carefully,HR technology,149,high,high,mobile
150,127,TRUE,2022-12-17T15:54:42Z,R_1Owd1eKwSaSX69g,yes,150,375x812,5.904,7.397,25.619,2,28,0,6,Agree,Agree,Agree,Agree,Neither agree nor disagree,Agree,Agree,Agree,Strongly agree,Strongly agree,Agree,24,Female,2,Other,I have read this text carefully,HR technology,150,high,low,mobile
151,221,TRUE,2022-12-17T15:54:44Z,R_3GwHD7IqCn2Cfhs,yes,151,375x667,2.423,130.46,131.067,3,19,19,2,Strongly agree,Strongly agree,Strongly agree,Strongly agree,Strongly agree,Strongly agree,Neither agree nor disagree,Agree,Agree,Agree,Agree,24,Male,0,2-3 times a week,NA,HR technology,151,high,low,mobile
152,494,TRUE,2022-12-17T15:55:23Z,R_3I3Os7uUnaiSHfP,yes,152,384x824,3.311,103.064,382.317,6,80,84,6,Disagree,Strongly agree,Agree,Strongly agree,Agree,Agree,Strongly agree,Agree,Strongly agree,Agree,Agree,33,Male,5,Other,I have read this text carefully,HR technology,152,high,high,mobile
153,381,TRUE,2022-12-17T15:55:31Z,R_sp50qh5INee4kkp,yes,153,1280x720,23.572,234.899,235.695,3,59,76,4,Neither agree nor disagree,Neither agree nor disagree,Neither agree nor disagree,Neither agree nor disagree,Agree,Agree,Agree,Strongly agree,Strongly agree,Neither agree nor disagree,Neither agree nor disagree,61,Male,5,Every day,NA,HR technology,153,low,high,NA
154,296,TRUE,2022-12-17T15:55:55Z,R_2yrrpkqpfcFuIvx,yes,154,412x883,0,0,147.55,0,31,36,3,Disagree,Disagree,Disagree,Neither agree nor disagree,Disagree,Disagree,Disagree,Disagree,Neither agree nor disagree,Neither agree nor disagree,Disagree,42,Male,0,Other,I have read this text carefully,HR technology,154,low,low,mobile
155,384,TRUE,2022-12-17T15:57:30Z,R_x8SHaP7GCW6297r,yes,155,1920x1080,15.07,15.07,250.049,1,55,79,4,Agree,Agree,Agree,Neither agree nor disagree,Neither agree nor disagree,Neither agree nor disagree,Agree,Agree,Strongly agree,Agree,Agree,47,Male,20,Other,I have read this text carefully,HR technology,155,high,low,NA
156,443,TRUE,2022-12-17T15:58:59Z,R_1JWMadohAVCNyTt,yes,156,1920x1080,10.782,10.782,296.458,1,85,100,6,Neither agree nor disagree,Strongly agree,Agree,Agree,Neither agree nor disagree,Neither agree nor disagree,Agree,Agree,Agree,Neither agree nor disagree,Agree,59,Female,4,Other,I have read this text carefully,HR technology,156,high,high,NA
157,197,TRUE,2022-12-17T15:59:00Z,R_1eJEFjLCoeGjyQh,yes,157,375x667,4.887,10.205,39.255,4,37,26,3,Agree,Agree,Neither agree nor disagree,Agree,Disagree,Neither agree nor disagree,Neither agree nor disagree,Agree,Agree,Agree,Agree,27,Male,2,2-3 times a week,NA,HR technology,157,low,low,mobile
158,58,TRUE,2022-12-17T15:59:06Z,R_1pFnodNLmD2rqfo,yes,158,375x812,0.511,0.911,2.064,2,71,64,6,Agree,Agree,Strongly agree,Agree,Agree,Agree,Agree,Strongly agree,Agree,Agree,Agree,32,Male,3,2-3 times a week,NA,HR technology,158,low,low,mobile
159,429,TRUE,2022-12-17T15:59:11Z,R_3rOPUH6tPdr7QBv,yes,159,1280x800,21.848,21.848,35.208,1,63,85,6,Agree,Agree,Strongly agree,Agree,Strongly agree,Agree,Agree,Agree,Strongly agree,Agree,Agree,42,Male,2,Other,I have read this text carefully,HR technology,159,high,high,NA
160,242,TRUE,2022-12-17T15:59:48Z,R_3iClrZR5PBPg3O1,yes,160,414x896,10.163,12.363,103.878,2,70,67,5,Strongly agree,Strongly agree,Strongly agree,Strongly agree,Agree,Agree,Strongly agree,Agree,Strongly agree,Strongly agree,Strongly agree,23,Male,0,Never,NA,HR technology,160,low,high,mobile
161,179,FALSE,2022-12-17T16:01:11Z,R_3j0fM7ZNCUrIzTG,yes,161,1920x1080,8.227,8.227,100.051,1,10,33,5,Agree,Agree,Agree,Agree,Agree,Agree,Agree,Agree,Neither agree nor disagree,Agree,Agree,54,Male,4,NA,NA,NA,161,low,high,NA
162,69,TRUE,2022-12-17T16:01:14Z,R_33szarJRCMcrtmR,yes,158,375x812,0.336,0.336,1.206,1,69,69,6,Agree,Agree,Strongly agree,Strongly agree,Agree,Strongly agree,Agree,Agree,Agree,Strongly agree,Agree,32,Male,3,2-3 times a week,NA,HR technology,158,high,low,mobile
163,17,FALSE,2022-12-17T16:01:23Z,R_bJj1pObqtkmHRVn,yes,162,1920x1080,NA,NA,NA,NA,NA,NA,NA,NA,NA,NA,NA,NA,NA,NA,NA,NA,NA,NA,NA,NA,NA,NA,NA,NA,162,high,low,NA
164,252,TRUE,2022-12-17T16:01:24Z,R_1Qu8fnQpwjrwMlu,yes,163,1536x864,12.634,13.866,75.485,2,12,49,4,Neither agree nor disagree,Neither agree nor disagree,Neither agree nor disagree,Disagree,Neither agree nor disagree,Agree,Neither agree nor disagree,Agree,Disagree,Neither agree nor disagree,Neither agree nor disagree,31,Male,0,Other,I have read this text carefully,HR technology,163,low,low,NA
165,361,TRUE,2022-12-17T16:01:37Z,R_Z4y2tveUvUr2WpH,yes,164,1440x900,25.19,25.19,143.794,1,72,67,5,Agree,Strongly agree,Agree,Strongly agree,Strongly agree,Strongly agree,Agree,Strongly agree,Strongly agree,Agree,Neither agree nor disagree,30,Female,3,Other,I have read this text carefully,HR technology,164,low,high,NA
166,387,TRUE,2022-12-17T16:01:47Z,R_3OeufCchTbsDo4J,yes,165,1536x960,0,0,246.773,0,23,65,4,Agree,Neither agree nor disagree,Agree,Agree,Agree,Neither agree nor disagree,Agree,Disagree,Neither agree nor disagree,Disagree,Neither agree nor disagree,31,Male,2,Other,I have read this text carefully,HR technology,165,low,low,NA
167,177,TRUE,2022-12-17T16:02:23Z,R_x5UPinjE9UHKjzX,yes,166,393x786,0.864,7.963,8.372,4,30,32,3,Disagree,Neither agree nor disagree,Neither agree nor disagree,Agree,Neither agree nor disagree,Neither agree nor disagree,Disagree,Neither agree nor disagree,Agree,Disagree,Disagree,27,Male,3,Other,I have read this text carefully,HR technology,166,high,high,mobile
168,416,TRUE,2022-12-17T16:02:23Z,R_3hhUoShj1DtdLUn,yes,167,1536x864,10.188,10.188,258.278,1,35,62,5,Disagree,Agree,Neither agree nor disagree,Agree,Neither agree nor disagree,Neither agree nor disagree,Neither agree nor disagree,Neither agree nor disagree,Disagree,Disagree,Strongly disagree,56,Female,16,Other,I have read this text carefully,HR technology,167,high,low,NA
169,399,TRUE,2022-12-17T16:03:10Z,R_1MVUqoIQ5naBeNM,yes,168,1440x900,6.865,86.121,86.733,2,61,40,6,Agree,Agree,Strongly agree,Agree,Disagree,Neither agree nor disagree,Neither agree nor disagree,Agree,Agree,Neither agree nor disagree,Agree,26,Female,0,Other,I have read this text carefully,HR technology,168,high,high,NA
170,199,TRUE,2022-12-17T16:03:36Z,R_3FKymZJuvVxfNip,yes,169,375x812,3.39,8.568,28.966,3,70,70,4,Disagree,Agree,Agree,Agree,Agree,Neither agree nor disagree,Agree,Neither agree nor disagree,Agree,Neither agree nor disagree,Neither agree nor disagree,27,Female,1,Other,I have read this text carefully,HR technology,169,high,high,mobile
171,457,TRUE,2022-12-17T16:03:39Z,R_3MlBuIy8elkEZax,yes,170,360x880,2.519,16.719,303.934,2,53,41,4,Strongly agree,Neither agree nor disagree,Agree,Agree,Agree,Agree,Agree,Agree,Agree,Agree,Agree,61,Female,5,Other,I have read this text carefully,Sports analytics,170,low,high,mobile
172,450,TRUE,2022-12-17T16:03:42Z,R_RfUpKiAkMRtO933,yes,171,1440x900,1.943,1.943,13.875,1,81,35,5,Neither agree nor disagree,Disagree,Agree,Neither agree nor disagree,Disagree,Agree,Neither agree nor disagree,Agree,Agree,Strongly agree,Neither agree nor disagree,26,Male,3,Other,I have read this text carefully,HR technology,171,high,low,NA
173,671,TRUE,2022-12-17T16:03:51Z,R_3G8toE0KKyHJyGB,yes,172,1366x768,2.803,70.026,217.552,3,82,85,6,Strongly agree,Agree,Strongly agree,Agree,Agree,Agree,Strongly agree,Agree,Agree,Agree,Agree,34,Male,6,Other,I have read this text carefully,HR technology,172,high,high,NA
174,371,TRUE,2022-12-17T16:04:23Z,R_3KHD86XezhwExHQ,yes,173,1536x864,9.538,9.538,180.376,1,7,92,5,Neither agree nor disagree,Agree,Agree,Agree,Neither agree nor disagree,Disagree,Agree,Agree,Strongly agree,Neither agree nor disagree,Neither agree nor disagree,42,Male,5,Other,I have read this text carefully,HR technology,173,low,low,NA
175,363,TRUE,2022-12-17T16:04:29Z,R_R95nWeacBdH1Omt,yes,174,1280x720,5.274,12.78,102.606,2,54,29,6,Neither agree nor disagree,Agree,Neither agree nor disagree,Neither agree nor disagree,Agree,Disagree,Agree,Agree,Disagree,Neither agree nor disagree,Strongly agree,45,Female,2,Other,I have read this text carefully,HR technology,174,high,high,NA
176,271,TRUE,2022-12-17T16:04:35Z,R_1IsK9c8oLdn3REa,yes,175,412x869,10.516,169.639,170.354,2,59,79,5,Agree,Agree,Agree,Agree,Neither agree nor disagree,Neither agree nor disagree,Agree,Neither agree nor disagree,Agree,Agree,Agree,33,Male,0,4-6 times a week,NA,HR technology,175,high,high,mobile
177,299,TRUE,2022-12-17T16:05:18Z,R_291e1vgIZeFIRAk,yes,176,1470x956,7.228,7.228,189.817,1,85,75,6,Strongly agree,Strongly agree,Agree,Strongly agree,Agree,Agree,Strongly agree,Agree,Strongly agree,Agree,Strongly agree,53,Male,10,Other,I have read this text carefully,HR technology,176,low,high,NA
178,497,TRUE,2022-12-17T16:05:40Z,R_TdbnWagXVfjPz21,yes,177,1366x768,0,0,19.602,0,59,61,4,Agree,Agree,Neither agree nor disagree,Neither agree nor disagree,Neither agree nor disagree,Neither agree nor disagree,Agree,Agree,Agree,Neither agree nor disagree,Neither agree nor disagree,62,Male,20,Other,I have read this text carefully,HR technology,177,low,high,NA
179,397,TRUE,2022-12-17T16:06:42Z,R_3rHBbrGwm9yYs1j,yes,178,1536x960,17.212,17.212,218.566,1,25,52,4,Agree,Agree,Agree,Agree,Agree,Neither agree nor disagree,Agree,Agree,Agree,Neither agree nor disagree,Neither agree nor disagree,51,Male,21,Other,I have read this text carefully,HR technology,178,high,low,NA
180,537,TRUE,2022-12-17T16:07:57Z,R_3eav3kAvFXqQhDx,yes,179,2560x1440,23.323,23.323,40.108,1,40,29,5,Neither agree nor disagree,Agree,Agree,Disagree,Neither agree nor disagree,Neither agree nor disagree,Disagree,Disagree,Agree,Neither agree nor disagree,Neither agree nor disagree,36,Male,1,Other,I have read this text carefully,HR technology,179,low,low,NA
181,125,TRUE,2022-12-17T16:08:14Z,R_2TmA3oTpot2U4kf,yes,180,1366x768,2.769,4.209,13.777,2,37,80,5,Strongly agree,Agree,Agree,Agree,Strongly agree,Strongly agree,Agree,Agree,Agree,Agree,Strongly agree,45,Male,0,Other,I have read this text carefully,HR technology,180,high,high,NA
182,338,TRUE,2022-12-17T16:08:30Z,R_2VmzmjQuNWANl81,yes,181,2048x1152,8.691,174.669,175.766,2,0,91,2,Disagree,Agree,Disagree,Strongly agree,Agree,Agree,Agree,Agree,Agree,Disagree,Disagree,44,Male,20,Other,I have read this text carefully,HR technology,181,high,high,NA
183,4,FALSE,2022-12-17T16:09:10Z,R_3qKCSgqnw1AwocC,yes,182,1440x900,NA,NA,NA,NA,NA,NA,NA,NA,NA,NA,NA,NA,NA,NA,NA,NA,NA,NA,NA,NA,NA,NA,NA,NA,182,high,high,NA
184,137,TRUE,2022-12-17T16:09:34Z,R_22Vxw7I1ODs2QBS,yes,183,390x844,2.115,3.499,4.422,2,58,74,5,Agree,Agree,Agree,Agree,Agree,Agree,Agree,Agree,Agree,Agree,Agree,25,Female,2,Other,I have read this text carefully,Medical innovation,183,low,low,mobile
185,755,TRUE,2022-12-17T16:10:00Z,R_NWiNK877b3QrQe5,yes,184,1366x768,13.09,17.785,319.262,3,70,36,5,Strongly agree,Strongly agree,Strongly agree,Agree,Strongly agree,Neither agree nor disagree,Disagree,Neither agree nor disagree,Strongly agree,Neither agree nor disagree,Agree,31,Male,0,Other,I have read this text carefully,HR technology,184,low,high,NA
186,246,TRUE,2022-12-17T16:10:02Z,R_1HiQ4gmOpV2ui5e,yes,185,412x869,8.002,8.002,112.202,1,8,41,4,Strongly agree,Strongly agree,Agree,Agree,Agree,Agree,Agree,Agree,Strongly agree,Agree,Agree,29,Female,10,Other,I have read this text carefully,HR technology,185,low,low,mobile
187,595,TRUE,2022-12-17T16:10:16Z,R_10OhSUTxP3MDqxF,yes,186,1920x1080,17.32,17.32,364.267,1,80,95,6,Strongly agree,Strongly agree,Strongly agree,Strongly agree,Agree,Agree,Strongly agree,Strongly agree,Agree,Disagree,Agree,70,Male,49,Other,i have read this text carefully,HR technology,186,low,high,NA
188,494,TRUE,2022-12-17T16:10:31Z,R_21zIR0pxfmlw7G6,yes,187,1440x900,17.907,172.471,174.149,3,20,76,6,Agree,Strongly agree,Strongly agree,Agree,Agree,Agree,Strongly agree,Agree,Strongly agree,Agree,Agree,34,Male,4,Other,I have read this text carefully,HR technology,187,high,high,NA
189,331,TRUE,2022-12-17T16:10:55Z,R_cZpqYSLcHrx1nYR,yes,188,2560x1440,10.433,10.433,146.842,1,6,82,4,Agree,Neither agree nor disagree,Agree,Neither agree nor disagree,Neither agree nor disagree,Neither agree nor disagree,Agree,Neither agree nor disagree,Neither agree nor disagree,Agree,Neither agree nor disagree,34,Male,0,Other,I have read this text carefully,HR technology,188,low,low,NA
190,278,TRUE,2022-12-17T16:11:00Z,R_3JwNz9gkAMFrZwT,yes,189,1920x1080,13.948,13.948,18.381,1,57,16,4,Agree,Strongly agree,Strongly agree,Strongly agree,Strongly agree,Strongly agree,Strongly agree,Strongly agree,Agree,Disagree,Agree,26,Female,3,Other,I have read this text carefully,HR technology,189,low,high,NA
191,337,TRUE,2022-12-17T16:11:27Z,R_3qDafFA2XWxdeyU,yes,190,1280x800,59.934,59.934,192.702,1,21,21,5,Agree,Agree,Agree,Agree,Neither agree nor disagree,Neither agree nor disagree,Neither agree nor disagree,Agree,Agree,Strongly agree,Agree,34,Female,2,Other,I have read this text carefully,HR technology,190,high,high,NA
192,549,TRUE,2022-12-17T16:12:17Z,R_3nI9JOivrKMxhue,yes,191,1366x768,57.46,57.46,384.854,1,1,88,4,Neither agree nor disagree,Agree,Agree,Agree,Neither agree nor disagree,Neither agree nor disagree,Agree,Neither agree nor disagree,Agree,Neither agree nor disagree,Neither agree nor disagree,56,Male,2,Once a week,NA,HR technology,191,low,low,NA
193,739,TRUE,2022-12-17T16:13:19Z,R_xAG0ds2IuYoY1IR,yes,192,1440x900,354.616,363.572,413.296,2,84,100,5,Agree,Strongly agree,Strongly agree,Strongly agree,Agree,Neither agree nor disagree,Strongly agree,Strongly agree,Agree,Agree,Strongly agree,27,Male,2,Every day,NA,HR technology,192,high,low,NA
194,341,TRUE,2022-12-17T16:14:50Z,R_1mFbw7N1exzyi9c,yes,193,1920x1080,4.897,4.897,214.452,1,11,73,3,Agree,Agree,Agree,Disagree,Neither agree nor disagree,Disagree,Agree,Strongly agree,Agree,Neither agree nor disagree,Neither agree nor disagree,26,Male,1,Other,I have read this text carefully,HR technology,193,high,low,NA
195,628,TRUE,2022-12-17T16:15:01Z,R_3Kx9woCXZyYfUmH,yes,194,1536x864,4.385,12.311,238.038,3,30,66,3,Agree,Agree,Agree,Agree,Agree,Agree,Agree,Agree,Agree,Neither agree nor disagree,Disagree,47,Male,3,Other,I have read this text carefully,HR technology,194,high,high,NA
196,740,TRUE,2022-12-17T16:15:11Z,R_BCYttIqJXLibNvj,yes,195,414x896,2.267,54.787,55.494,5,22,71,5,Disagree,Agree,Strongly agree,Agree,Agree,Disagree,Strongly agree,Neither agree nor disagree,Disagree,Neither agree nor disagree,Agree,34,Male,2,Other,I have read this text carefully,HR technology,195,low,low,mobile
197,339,TRUE,2022-12-17T16:15:52Z,R_24655JEBPMwGrYW,yes,196,1280x720,29.504,29.504,185.038,1,80,31,6,Neither agree nor disagree,Neither agree nor disagree,Neither agree nor disagree,Neither agree nor disagree,Neither agree nor disagree,Agree,Agree,Agree,Agree,Neither agree nor disagree,Neither agree nor disagree,67,Female,5,Other,I have read this text carefully,HR technology,196,high,high,NA
198,457,TRUE,2022-12-17T16:15:55Z,R_28B7f404df4bCBv,yes,197,1600x900,8.863,8.863,273.973,1,14,44,5,Agree,Agree,Agree,Agree,Neither agree nor disagree,Neither agree nor disagree,Neither agree nor disagree,Neither agree nor disagree,Agree,Agree,Agree,61,Male,3,Other,I have read this text carefully,HR technology,197,high,low,NA
199,327,TRUE,2022-12-17T16:16:19Z,R_Rnqkrv94bl2LZQJ,yes,198,1600x900,47.785,73.308,76.138,4,55,59,4,Neither agree nor disagree,Agree,Agree,Agree,Neither agree nor disagree,Agree,Agree,Neither agree nor disagree,Agree,Neither agree nor disagree,Agree,25,Prefer not to say,3,Other,I have read this text carefully,HR technology,198,low,high,NA
200,532,TRUE,2022-12-17T16:16:22Z,R_276TWJCApOSu6vc,yes,199,1600x900,11.929,11.929,329.203,1,0,0,3,Disagree,Neither agree nor disagree,Disagree,Disagree,Neither agree nor disagree,Neither agree nor disagree,Agree,Neither agree nor disagree,Agree,Disagree,Disagree,71,Male,1,Other,I have read this text carefully' below,HR technology,199,low,high,NA
201,299,TRUE,2022-12-17T16:17:18Z,R_1pSyvowW3MySKPL,yes,200,1536x864,8.345,8.345,66.797,1,60,100,5,Agree,Agree,Agree,Neither agree nor disagree,Strongly agree,Agree,Strongly agree,Agree,Neither agree nor disagree,Strongly agree,Strongly agree,31,Female,1,Other,I have read this text carefully,HR technology,200,low,high,NA
202,285,TRUE,2022-12-17T16:17:37Z,R_2AR4GNSOoRkjwnK,yes,201,2560x1080,77.278,77.278,104.607,1,58,32,5,Strongly agree,Agree,Agree,Strongly agree,Neither agree nor disagree,Neither agree nor disagree,Agree,Agree,Neither agree nor disagree,Agree,Agree,49,Male,12,Other,I have read this text carefully,HR technology,201,low,low,NA
203,347,TRUE,2022-12-17T16:17:39Z,R_32W0cmiO7VW3rn9,yes,202,1366x768,14.91,184.765,185.976,2,40,16,5,Agree,Agree,Strongly agree,Strongly agree,Agree,Neither agree nor disagree,Agree,Agree,Strongly agree,Neither agree nor disagree,Agree,30,Female,0,Other,I have read this text carefully,HR technology,202,low,low,NA
204,321,TRUE,2022-12-17T16:18:01Z,R_1FlXpsNj61XpQNs,yes,203,2560x1440,3.772,3.772,165.27,1,66,77,5,Neither agree nor disagree,Agree,Neither agree nor disagree,Agree,Agree,Agree,Agree,Agree,Agree,Disagree,Disagree,35,Male,3,Other,I have read this text carefully,HR technology,203,high,high,NA
205,381,TRUE,2022-12-17T16:18:02Z,R_3Jt3iAHkMyTEFs5,yes,204,810x1080,13.065,13.065,85.354,1,15,28,3,Disagree,Neither agree nor disagree,Neither agree nor disagree,Strongly disagree,Neither agree nor disagree,Disagree,Disagree,Agree,Agree,Neither agree nor disagree,Neither agree nor disagree,33,Male,1,Other,I have read this text carefully,HR technology,204,low,low,NA
206,174,TRUE,2022-12-17T16:18:32Z,R_3e8s2S7IEGwn7Ww,yes,205,360x800,2.735,5.703,100.774,3,25,75,4,Neither agree nor disagree,Agree,Agree,Neither agree nor disagree,Agree,Agree,Agree,Agree,Neither agree nor disagree,Neither agree nor disagree,Agree,34,Male,1,Every day,NA,HR technology,205,high,low,mobile
207,249,TRUE,2022-12-17T16:18:36Z,R_2BypPRcyQ06DDzq,yes,206,1440x900,28.149,28.149,92.096,1,24,16,4,Disagree,Agree,Agree,Agree,Disagree,Disagree,Disagree,Neither agree nor disagree,Neither agree nor disagree,Disagree,Strongly disagree,55,Male,0,Never,NA,HR technology,206,low,high,NA
94,17,FALSE,2022-12-17T16:18:54Z,R_0V8CYe4ELL6jnTH,yes,94,384x857,NA,NA,NA,NA,NA,NA,NA,NA,NA,NA,NA,NA,NA,NA,NA,NA,NA,NA,NA,NA,NA,NA,NA,NA,94,low,low,mobile
208,1224,TRUE,2022-12-17T16:18:55Z,R_d6V2jx7WwQQeksp,yes,207,1367x768,6.239,6.239,21.826,1,20,76,6,Strongly agree,Agree,Agree,Agree,Strongly agree,Agree,Agree,Strongly agree,Agree,Strongly agree,Agree,34,Male,4,Other,I have read this text carefully,HR technology,207,high,high,NA
209,328,TRUE,2022-12-17T16:19:04Z,R_YVoVyD1IazLgDGF,yes,208,3072x1728,4.751,4.751,202.184,1,40,100,5,Agree,Neither agree nor disagree,Strongly agree,Strongly agree,Strongly agree,Strongly agree,Agree,Strongly agree,Strongly agree,Neither agree nor disagree,Agree,31,Male,3,Other,I have read this text carefully,HR technology,208,low,high,NA
210,165,TRUE,2022-12-17T16:19:16Z,R_7UQvsM6FPFmdNzH,yes,209,393x851,12.605,69.512,70.333,3,59,67,5,Agree,Neither agree nor disagree,Agree,Agree,Neither agree nor disagree,Neither agree nor disagree,Agree,Agree,Agree,Neither agree nor disagree,Neither agree nor disagree,33,Male,0,Every day,NA,HR technology,209,high,high,mobile
211,151,TRUE,2022-12-17T16:19:21Z,R_30oDpuGQuzxzKV5,yes,210,1366x768,0,0,59.224,0,4,95,3,Strongly disagree,Strongly disagree,Neither agree nor disagree,Agree,Agree,Neither agree nor disagree,Disagree,Agree,Agree,Disagree,Neither agree nor disagree,46,Female,5,Other,I have read this text carefully,HR technology,210,low,high,NA
212,125,TRUE,2022-12-17T16:19:49Z,R_yCn8f0ae7osRF4d,yes,211,412x915,0,0,2.209,0,76,29,5,Strongly agree,Strongly agree,Strongly agree,Agree,Strongly agree,Agree,Strongly agree,Agree,Strongly agree,Strongly agree,Strongly agree,45,Male,12,Every day,NA,Medical innovation,211,low,high,mobile
213,370,TRUE,2022-12-17T16:19:49Z,R_YbsuOKg3jtKLkK5,yes,212,1920x1080,8.182,246.758,247.334,2,25,89,4,Agree,Strongly agree,Agree,Strongly agree,Agree,Agree,Strongly agree,Agree,Agree,Strongly agree,Disagree,62,Female,0,Other,i have read this text carefully,HR technology,212,high,high,NA
214,390,TRUE,2022-12-17T16:20:23Z,R_OyhFT0glhuOpY53,yes,213,1920x1080,15.049,15.049,236.481,1,82,61,6,Neither agree nor disagree,Neither agree nor disagree,Neither agree nor disagree,Neither agree nor disagree,Neither agree nor disagree,Neither agree nor disagree,Neither agree nor disagree,Neither agree nor disagree,Agree,Agree,Agree,57,Female,0,Other,I have read this text carefully,HR technology,213,high,low,NA
215,502,TRUE,2022-12-17T16:21:14Z,R_1mx5gs0LW5pNmqY,yes,214,1920x1080,29.586,43.635,343.73,3,20,85,4,Neither agree nor disagree,Agree,Agree,Agree,Agree,Agree,Neither agree nor disagree,Agree,Agree,Disagree,Disagree,37,Male,10,Other,I have read this text carefully,HR technology,214,high,low,NA
216,495,TRUE,2022-12-17T16:21:52Z,R_0fvLT3zqXw8fcmR,yes,215,1366x768,85.686,100.439,358.952,3,90,77,5,Strongly agree,Strongly agree,Strongly agree,Neither agree nor disagree,Neither agree nor disagree,Disagree,Strongly agree,Agree,Agree,Agree,Strongly agree,32,Female,2,Other,I have read this text carefully,HR technology,215,low,high,NA
217,124,TRUE,2022-12-17T16:22:27Z,R_3lMSOOK9uFmDT3l,yes,216,1707x960,2.253,2.253,37.466,1,74,84,5,Agree,Strongly agree,Agree,Strongly agree,Agree,Agree,Strongly agree,Agree,Strongly agree,Neither agree nor disagree,Strongly agree,21,Male,2,Other,I have read this text carefully,HR technology,216,high,high,NA
218,305,TRUE,2022-12-17T16:22:46Z,R_1N2qBC3DmPw0Ma8,yes,217,1920x1080,11.214,11.214,199.87,1,20,41,4,Agree,Agree,Agree,Agree,Neither agree nor disagree,Neither agree nor disagree,Agree,Neither agree nor disagree,Agree,Neither agree nor disagree,Neither agree nor disagree,60,Male,4,Every day,NA,HR technology,217,high,low,NA
219,239,TRUE,2022-12-17T16:22:50Z,R_OxpwVay8hcKPpcJ,yes,218,360x640,0.6,0.6,2.201,1,53,83,4,Neither agree nor disagree,Strongly agree,Agree,Neither agree nor disagree,Neither agree nor disagree,Neither agree nor disagree,Agree,Neither agree nor disagree,Neither agree nor disagree,Neither agree nor disagree,Neither agree nor disagree,52,Female,3,Other,I have read this text carefully,HR technology,218,low,high,mobile
220,596,TRUE,2022-12-17T16:23:08Z,R_3FWdn3NImPhIVjH,yes,219,1536x864,17.595,17.595,409.462,1,70,39,5,Neither agree nor disagree,Agree,Agree,Agree,Strongly disagree,Disagree,Agree,Disagree,Neither agree nor disagree,Neither agree nor disagree,Neither agree nor disagree,33,Male,3,Other,I have read this text carefully,HR technology,219,high,high,NA
221,382,TRUE,2022-12-17T16:23:11Z,R_2PoLDtLVUOhU1mK,yes,220,375x667,1.802,15.338,222.426,4,66,70,5,Agree,Agree,Agree,Strongly agree,Strongly agree,Agree,Agree,Agree,Agree,Strongly agree,Strongly agree,57,Male,6,Other,I have read this text carefully,HR technology,220,high,high,mobile
222,178,TRUE,2022-12-17T16:23:13Z,R_3I6ImRixBH3dgF2,yes,221,1920x1080,6.347,88.553,88.863,3,61,71,5,Disagree,Agree,Neither agree nor disagree,Neither agree nor disagree,Agree,Neither agree nor disagree,Neither agree nor disagree,Agree,Neither agree nor disagree,Neither agree nor disagree,Disagree,33,Male,5,Other,I have read this text carefully,HR technology,221,high,high,NA
223,253,TRUE,2022-12-17T16:23:17Z,R_1hWo1ktRTaiGtxT,yes,222,1536x864,6.625,6.625,175.901,1,2,38,3,Strongly disagree,Disagree,Strongly disagree,Neither agree nor disagree,Strongly disagree,Strongly disagree,Strongly disagree,Strongly disagree,Strongly disagree,Strongly disagree,Strongly disagree,32,Male,2,Other,I have read this text carefully,HR technology,222,low,low,NA
224,430,TRUE,2022-12-17T16:23:18Z,R_3nACXaXU4P0mZe0,yes,223,1536x864,16.677,16.677,269.834,1,86,100,6,Agree,Strongly agree,Agree,Strongly agree,Agree,Strongly agree,Agree,Strongly agree,Agree,Agree,Agree,45,Male,0,Other,I have read this text carefully,HR technology,223,low,low,NA
225,145,TRUE,2022-12-17T16:23:29Z,R_0oftTVE0EgdhZhD,yes,224,360x800,0.385,1.569,80.234,2,66,28,5,Neither agree nor disagree,Agree,Neither agree nor disagree,Neither agree nor disagree,Neither agree nor disagree,Agree,Agree,Agree,Agree,Agree,Agree,31,Female,1,2-3 times a week,NA,HR technology,224,low,low,mobile
226,662,TRUE,2022-12-17T16:23:57Z,R_1CvBAl95jUDICaB,yes,225,1300x731,59.951,59.951,384.233,1,5,32,2,Agree,Agree,Agree,Agree,Agree,Agree,Agree,Agree,Agree,Neither agree nor disagree,Neither agree nor disagree,37,Female,3,Other,I have read this text carefully,HR technology,225,high,low,NA
227,456,TRUE,2022-12-17T16:24:42Z,R_2yjf8nCx1mpn729,yes,226,1440x900,2.422,2.422,5.602,1,65,80,6,Agree,Agree,Agree,Agree,Agree,Agree,Agree,Agree,Agree,Agree,Agree,28,Male,5,Other,I have read this text carefully,HR technology,226,high,low,NA
228,169,TRUE,2022-12-17T16:24:58Z,R_2uV4YTnWbRNmLdw,yes,227,412x892,6.661,59.712,60.199,2,10,8,4,Agree,Agree,Agree,Agree,Agree,Neither agree nor disagree,Neither agree nor disagree,Neither agree nor disagree,Agree,Neither agree nor disagree,Agree,26,Female,0,Other,I have read this text carefully,HR technology,227,high,high,mobile
229,131,TRUE,2022-12-17T16:25:14Z,R_2TYqyEMQwzZNvPu,yes,228,2560x1080,1.402,68.284,68.951,3,0,93,4,Agree,Agree,Agree,Strongly agree,Strongly agree,Agree,Strongly agree,Strongly agree,Agree,Disagree,Disagree,32,Male,12,Other,I have read this text carefully,HR technology,228,low,low,NA
230,363,TRUE,2022-12-17T16:25:20Z,R_8jgzODtRBUNEUgN,yes,229,1536x864,9.251,9.251,214.166,1,70,84,6,Agree,Agree,Agree,Agree,Agree,Neither agree nor disagree,Agree,Agree,Agree,Neither agree nor disagree,Agree,40,Female,5,Other,I have read this text carefully,HR technology,229,low,high,NA
231,884,TRUE,2022-12-17T16:25:25Z,R_1dNciBsXExftzWu,yes,230,1680x1050,3.881,10.281,317.829,3,4,45,4,Disagree,Neither agree nor disagree,Neither agree nor disagree,Agree,Neither agree nor disagree,Disagree,Disagree,Agree,Agree,Disagree,Disagree,41,Male,4,Other,I have read this text carefully,HR technology,230,low,low,NA
232,363,TRUE,2022-12-17T16:25:35Z,R_1rIfMCC1zSUOXZS,yes,231,1440x900,4.801,4.801,249.426,1,80,31,6,Agree,Strongly agree,Strongly agree,Agree,Agree,Agree,Neither agree nor disagree,Agree,Strongly agree,Strongly agree,Agree,33,Male,0,Other,I have read this text carefully,HR technology,231,low,low,NA
233,464,TRUE,2022-12-17T16:25:57Z,R_1PYrrZi747q2vQB,yes,232,320x693,1.872,207.213,210.096,6,10,37,3,Agree,Agree,Agree,Disagree,Agree,Neither agree nor disagree,Neither agree nor disagree,Agree,Neither agree nor disagree,Neither agree nor disagree,Neither agree nor disagree,37,Male,4,Every day,NA,HR technology,232,high,low,mobile
234,291,TRUE,2022-12-17T16:26:40Z,R_d0uZ1xRvFK5VJhD,yes,233,384x857,16.224,17.2,111.275,2,60,80,6,Agree,Agree,Agree,Agree,Agree,Agree,Agree,Agree,Agree,Strongly agree,Strongly agree,40,Male,12,Other,I have read this text carefully,HR technology,233,low,low,mobile
235,387,TRUE,2022-12-17T16:28:11Z,R_2e8asyaCqat2iJP,yes,234,1280x800,8.665,8.665,85.188,1,78,83,6,Agree,Agree,Agree,Neither agree nor disagree,Agree,Disagree,Agree,Neither agree nor disagree,Neither agree nor disagree,Neither agree nor disagree,Agree,55,Male,6,Other,I have read this text carefully,HR technology,234,high,high,NA
236,591,TRUE,2022-12-17T16:28:42Z,R_3r1lbWISrW7ecI9,yes,235,1920x1080,18.059,18.059,345.088,1,60,22,5,Agree,Strongly agree,Agree,Disagree,Agree,Strongly agree,Agree,Agree,Strongly agree,Agree,Agree,69,Female,15,Other,I have read this text carefully,HR technology,235,high,high,NA
237,150,TRUE,2022-12-17T16:29:05Z,R_1DIozmyUFwithGl,yes,236,390x844,4.14,4.14,5.093,1,19,26,3,Agree,Disagree,Agree,Agree,Agree,Agree,Agree,Agree,Disagree,Agree,Disagree,22,Female,0,Never,NA,HR technology,236,low,low,mobile
238,406,TRUE,2022-12-17T16:30:11Z,R_33jxL99gQj7Z5eA,yes,237,1536x864,17.822,17.822,234.162,1,70,32,6,Agree,Neither agree nor disagree,Agree,Strongly agree,Neither agree nor disagree,Strongly agree,Agree,Agree,Strongly agree,Strongly agree,Disagree,39,Female,0,Other,I have read this text carefully,HR technology,237,high,high,NA
239,162,FALSE,2022-12-17T16:31:42Z,R_1QFmdhIU5wXBhJZ,yes,238,430x932,0,0,1.929,0,65,86,5,Disagree,Strongly agree,Strongly agree,Agree,Strongly agree,Neither agree nor disagree,Agree,Agree,Strongly agree,Strongly agree,Strongly agree,34,Male,5,NA,NA,NA,238,high,high,mobile
240,363,TRUE,2022-12-17T16:31:54Z,R_0OlxllfwgTAdTzP,yes,239,1920x1080,2.826,3.874,219.505,3,66,88,4,Agree,Neither agree nor disagree,Neither agree nor disagree,Agree,Neither agree nor disagree,Agree,Agree,Neither agree nor disagree,Agree,Disagree,Disagree,31,Non-binary,1,Other,I have read this text carefully,HR technology,239,high,high,NA
241,1097,TRUE,2022-12-17T16:32:14Z,R_3Hq6rrQ3Jg7Yte7,yes,240,360x720,4.47,309.519,310.767,2,74,100,7,Strongly agree,Strongly agree,Agree,Strongly agree,Strongly agree,Agree,Strongly agree,Strongly agree,Agree,Strongly agree,Strongly agree,41,Male,2,Other,"I have read this text carefully
",Medical innovation,240,high,low,mobile
242,242,TRUE,2022-12-17T16:32:21Z,R_R8Du209G6P6UKBj,yes,241,1536x864,3.87,3.87,120.691,1,60,71,3,Strongly agree,Agree,Agree,Disagree,Disagree,Disagree,Disagree,Disagree,Neither agree nor disagree,Strongly disagree,Disagree,26,Male,2,Other,I have read this text carefully,HR technology,241,high,high,NA
243,420,TRUE,2022-12-17T16:33:25Z,R_1FtAiN1X2wyfajE,yes,242,360x800,14.263,258.421,259.06,4,60,76,5,Disagree,Agree,Neither agree nor disagree,Neither agree nor disagree,Disagree,Disagree,Disagree,Disagree,Agree,Neither agree nor disagree,Agree,40,Male,1,Other,I have read this text carefully,HR technology,242,low,high,mobile
244,241,TRUE,2022-12-17T16:34:02Z,R_1llYoTeQflFAVZm,yes,243,412x915,0,0,132.281,0,25,79,5,Neither agree nor disagree,Strongly agree,Agree,Agree,Neither agree nor disagree,Neither agree nor disagree,Agree,Agree,Disagree,Disagree,Disagree,38,Male,2,Other,I have read this text carefully,HR technology,243,low,low,mobile
245,468,TRUE,2022-12-17T16:34:19Z,R_3kC98JXoXeDka2m,yes,244,414x736,21.399,332.246,333.558,3,70,76,5,Agree,Agree,Agree,Agree,Agree,Agree,Agree,Agree,Agree,Neither agree nor disagree,Neither agree nor disagree,43,Male,2,Other,I have read this text carefully,HR technology,244,high,low,mobile
246,534,TRUE,2022-12-17T16:34:40Z,R_2zMggz93d2ic91W,yes,245,360x800,8.616,381.207,381.857,4,0,100,5,Agree,Agree,Agree,Strongly agree,Strongly agree,Strongly agree,Disagree,Agree,Agree,Strongly agree,Agree,30,Female,2,Other,I have read this text carefully,HR technology,245,high,low,mobile
247,1313,TRUE,2022-12-17T16:35:15Z,R_2YaYHRe0JG02wsV,yes,246,1280x720,34.527,379.305,380.562,3,81,99,6,Strongly agree,Strongly agree,Agree,Strongly agree,Strongly agree,Neither agree nor disagree,Strongly agree,Agree,Strongly agree,Strongly agree,Strongly agree,39,Female,12,Other,I have read this text carefully,HR technology,246,low,high,NA
248,280,TRUE,2022-12-17T16:35:18Z,R_1Nqbc2ombCpm3Ye,yes,247,1536x864,13.359,13.359,109.049,1,3,77,3,Disagree,Agree,Disagree,Agree,Neither agree nor disagree,Neither agree nor disagree,Agree,Strongly agree,Neither agree nor disagree,Strongly disagree,Disagree,37,Male,1,Other,text,HR technology,247,high,low,NA
249,280,TRUE,2022-12-17T16:36:16Z,R_2zooaOzk36vVIYh,yes,248,414x896,7.663,12.147,163.411,2,60,100,5,Neither agree nor disagree,Agree,Neither agree nor disagree,Agree,Disagree,Disagree,Agree,Neither agree nor disagree,Strongly agree,Neither agree nor disagree,Agree,36,Female,1,Other,I have read this text carefully,HR technology,248,high,low,mobile
250,340,TRUE,2022-12-17T16:37:11Z,R_1hKGnT9sunaFRYS,yes,249,1920x1080,17.615,17.615,225.94,1,10,72,3,Strongly disagree,Agree,Agree,Agree,Strongly agree,Disagree,Strongly agree,Agree,Strongly agree,Neither agree nor disagree,Neither agree nor disagree,36,Male,0,Other,I have read this text carefully,HR technology,249,low,high,NA
251,537,TRUE,2022-12-17T16:37:17Z,R_1I6Faa9ry3yBb7R,yes,250,412x915,14.405,315.75,316.503,2,52,82,3,Neither agree nor disagree,Agree,Agree,Agree,Agree,Agree,Agree,Agree,Agree,Agree,Agree,58,Female,5,Other,"""I have read this text carefully""",HR technology,250,high,high,mobile
252,106,TRUE,2022-12-17T16:38:23Z,R_1kLyLCinRjnZ5K7,yes,251,1440x900,0,0,8.99,0,53,64,4,Agree,Neither agree nor disagree,Agree,Agree,Agree,Agree,Agree,Agree,Neither agree nor disagree,Agree,Agree,34,Male,5,Other,I have read this text carefully,Medical innovation,251,high,high,NA
253,148,TRUE,2022-12-17T16:38:31Z,R_2SwtvMraKDATYNV,yes,252,1920x1080,4.437,4.437,59.458,1,55,42,5,Agree,Neither agree nor disagree,Disagree,Neither agree nor disagree,Disagree,Strongly disagree,Disagree,Disagree,Agree,Disagree,Strongly disagree,26,Male,0,Other,I have read this text carefully,HR technology,252,high,low,NA
254,507,TRUE,2022-12-17T16:38:41Z,R_1rMKhBuGdvDb9tO,yes,253,1366x768,27.621,27.621,327.075,1,100,72,7,Strongly agree,Strongly agree,Strongly agree,Strongly agree,Agree,Agree,Agree,Strongly agree,Neither agree nor disagree,Agree,Agree,34,Male,7,Other,I have read this text carefully,HR technology,253,low,high,NA
255,672,TRUE,2022-12-17T16:39:02Z,R_AMrey92JH1DpUwp,yes,254,1366x768,15.687,15.687,333.298,1,40,88,6,Disagree,Agree,Agree,Neither agree nor disagree,Neither agree nor disagree,Neither agree nor disagree,Agree,Agree,Agree,Disagree,Disagree,63,Female,8,Other,I have read this text carefully,HR technology,254,high,high,NA
256,190,FALSE,2022-12-17T16:40:13Z,R_24iJJ5GpW7YmuIx,yes,255,1366x768,NA,NA,NA,NA,NA,NA,NA,NA,NA,NA,NA,NA,NA,NA,NA,NA,NA,NA,NA,NA,NA,NA,NA,NA,255,low,high,NA
257,235,TRUE,2022-12-17T16:41:02Z,R_3dLIKH09G2A3u0y,yes,256,1536x865,56.775,56.775,59.624,1,21,16,5,Strongly agree,Strongly agree,Strongly agree,Strongly agree,Strongly agree,Strongly agree,Strongly agree,Disagree,Strongly agree,Agree,Agree,29,Male,1,Never,NA,HR technology,256,low,high,NA
258,306,TRUE,2022-12-17T16:42:03Z,R_SAZDhlZ3bpJNG5X,yes,257,1536x864,18.918,18.918,81.776,1,63,57,5,Agree,Neither agree nor disagree,Neither agree nor disagree,Neither agree nor disagree,Agree,Neither agree nor disagree,Neither agree nor disagree,Agree,Agree,Neither agree nor disagree,Neither agree nor disagree,53,Female,5,2-3 times a week,NA,HR technology,257,low,low,NA
259,211,TRUE,2022-12-17T16:42:04Z,R_3maewlGFfv1ppEN,yes,258,1920x1080,13.665,53.365,74.49,2,17,36,4,Agree,Neither agree nor disagree,Agree,Agree,Neither agree nor disagree,Disagree,Neither agree nor disagree,Disagree,Neither agree nor disagree,Neither agree nor disagree,Neither agree nor disagree,31,Female,2,Other,I have read this text carefully,HR technology,258,low,high,NA
260,247,TRUE,2022-12-17T16:42:49Z,R_1hEXUxJfOxo0bpx,yes,259,390x844,5.129,5.346,131.773,2,70,100,6,Neither agree nor disagree,Neither agree nor disagree,Neither agree nor disagree,Neither agree nor disagree,Agree,Strongly agree,Agree,Agree,Agree,Neither agree nor disagree,Neither agree nor disagree,22,Male,3,Other,I have read this text carefully,HR technology,259,low,high,mobile
261,434,TRUE,2022-12-17T16:43:20Z,R_cVlWHR3bzTmumdP,yes,260,834x1194,7.007,8.032,112.618,2,30,78,5,Strongly agree,Agree,Strongly agree,Strongly agree,Strongly agree,Strongly agree,Agree,Agree,Strongly agree,Strongly agree,Strongly agree,34,Male,3,Other,I have read this text carefully,HR technology,260,low,high,NA
262,350,TRUE,2022-12-17T16:43:36Z,R_1NreIdo7SScjuek,yes,261,1920x1080,8.581,8.581,231.922,1,70,81,5,Agree,Agree,Agree,Agree,Agree,Agree,Agree,Agree,Agree,Disagree,Disagree,56,Male,35,Other,I have read this text carefully,HR technology,261,high,high,NA
263,634,TRUE,2022-12-17T16:43:39Z,R_2TtMW6GZfTueDDM,yes,262,1920x1080,34.717,34.717,92.339,1,68,17,6,Neither agree nor disagree,Agree,Agree,Strongly agree,Neither agree nor disagree,Strongly agree,Agree,Agree,Strongly agree,Agree,Neither agree nor disagree,32,Male,8,Other,I have read this text carefully,HR technology,262,high,low,NA
264,199,TRUE,2022-12-17T16:43:55Z,R_yBFiix46C2fjjYl,yes,263,1920x1080,2.411,2.411,104.439,1,25,100,4,Neither agree nor disagree,Agree,Agree,Agree,Agree,Agree,Agree,Agree,Neither agree nor disagree,Neither agree nor disagree,Neither agree nor disagree,32,Male,5,Other,I have read this text carefully,HR technology,263,high,low,NA
265,500,TRUE,2022-12-17T16:44:15Z,R_2qlWSISpA69CJcF,yes,264,2560x1440,19.48,19.48,74.703,1,25,66,4,Agree,Strongly agree,Agree,Agree,Agree,Agree,Agree,Strongly agree,Agree,Agree,Agree,67,Male,15,Once a week,NA,HR technology,264,high,low,NA
266,215,TRUE,2022-12-17T16:45:06Z,R_1JDfEtyGY4LEy4Z,yes,265,1920x1080,6.448,9.255,81.82,3,45,27,4,Agree,Agree,Agree,Agree,Agree,Agree,Agree,Agree,Agree,Agree,Agree,34,Male,2,Other,I have read this text carefully,HR technology,265,low,low,NA
267,504,TRUE,2022-12-17T16:46:15Z,R_234qVlo4Gyot7ht,yes,266,1707x1067,30.756,30.756,320.839,1,92,72,6,Agree,Agree,Agree,Agree,Agree,Agree,Agree,Agree,Agree,Agree,Agree,54,Male,8,Other,I have read this text carefully,HR technology,266,high,low,NA
268,561,TRUE,2022-12-17T16:46:40Z,R_1i4h1DDdNbT5keS,yes,267,428x926,8.844,8.844,366.945,1,65,25,4,Strongly agree,Strongly agree,Strongly agree,Strongly agree,Agree,Disagree,Agree,Agree,Strongly agree,Agree,Agree,37,Male,10,Other,I have read this text carefully,HR technology,267,low,low,mobile
269,371,TRUE,2022-12-17T16:47:50Z,R_2qmgaqyMy9355gS,yes,268,390x844,9.83,268.374,269.538,4,14,73,6,Agree,Agree,Agree,Agree,Agree,Neither agree nor disagree,Agree,Agree,Agree,Agree,Agree,64,Male,0,4-6 times a week,NA,HR technology,268,high,high,mobile
270,471,TRUE,2022-12-17T16:48:06Z,R_a5jU0etf2eWP74B,yes,269,1366x768,12.287,12.287,324.587,1,75,32,5,Neither agree nor disagree,Neither agree nor disagree,Agree,Neither agree nor disagree,Agree,Agree,Agree,Neither agree nor disagree,Neither agree nor disagree,Agree,Agree,45,Male,2,Other,I have read this text carefully,HR technology,269,high,high,NA
271,170,TRUE,2022-12-17T16:48:13Z,R_2OUaWITJYUZtQ8V,yes,270,1536x864,2.932,2.932,71.33,1,34,35,3,Disagree,Neither agree nor disagree,Strongly disagree,Disagree,Disagree,Disagree,Neither agree nor disagree,Agree,Neither agree nor disagree,Strongly disagree,Strongly disagree,23,Male,0,4-6 times a week,NA,HR technology,270,high,high,NA
272,430,TRUE,2022-12-17T16:48:32Z,R_1M4L1TESZ2t5DeI,yes,271,412x892,8.671,13.395,253.717,2,74,73,5,Agree,Agree,Agree,Agree,Agree,Agree,Agree,Agree,Agree,Agree,Agree,41,Male,5,Other,I have read this text carefully,HR technology,271,high,high,mobile
273,221,TRUE,2022-12-17T16:49:20Z,R_3fkgWmR0Gr6OMma,yes,272,3440x1440,4.519,4.519,71.848,1,39,21,2,Neither agree nor disagree,Strongly agree,Strongly agree,Agree,Agree,Neither agree nor disagree,Agree,Neither agree nor disagree,Agree,Neither agree nor disagree,Agree,53,Male,4,Every day,NA,HR technology,272,high,low,NA
274,380,TRUE,2022-12-17T16:49:23Z,R_3dZca41ebaXAjcB,yes,273,810x1080,18.087,18.087,189.026,1,100,56,6,Agree,Agree,Agree,Agree,Agree,Agree,Disagree,Strongly agree,Strongly agree,Agree,Agree,47,Female,2,Other,I have read read the text carefully,HR technology,273,low,low,mobile
275,209,TRUE,2022-12-17T16:50:13Z,R_1FbIaWwptzrUQyl,yes,274,1368x912,0,0,1.919,0,75,41,5,Neither agree nor disagree,Agree,Agree,Strongly agree,Agree,Agree,Strongly agree,Strongly agree,Strongly agree,Strongly agree,Strongly agree,37,Male,10,Other,I hsve read this text carefully,HR technology,274,high,low,NA
154,50,FALSE,2022-12-17T16:50:33Z,R_3rJ8r8JKJTvgShD,yes,154,412x883,5.11,5.11,11.94,1,74,NA,NA,NA,NA,NA,NA,NA,NA,NA,NA,NA,NA,NA,NA,NA,NA,NA,NA,NA,154,low,low,mobile
276,1280,TRUE,2022-12-17T16:51:23Z,R_2CdjlpsvrcjrXBZ,yes,275,414x896,17.435,18.748,438.104,2,66,83,5,Strongly agree,Strongly agree,Strongly agree,Agree,Agree,Agree,Agree,Agree,Strongly agree,Agree,Agree,45,Male,15,Every day,NA,HR technology,275,high,low,mobile
277,457,TRUE,2022-12-17T16:51:27Z,R_1JR4FHwRZK2jF4A,yes,276,414x736,12.102,295.758,296.925,4,85,58,5,Agree,Agree,Agree,Agree,Agree,Agree,Agree,Agree,Agree,Disagree,Neither agree nor disagree,29,Male,2,Other,I have read this text carefully,HR technology,276,low,high,mobile
278,420,TRUE,2022-12-17T16:51:35Z,R_1dphVDvMi8NSOaI,yes,277,1280x720,9.183,9.183,135.325,1,80,35,5,Disagree,Agree,Agree,Agree,Disagree,Strongly disagree,Disagree,Neither agree nor disagree,Disagree,Disagree,Disagree,32,Male,5,Other,I have read this text carefully,HR technology,277,high,high,NA
279,214,TRUE,2022-12-17T16:52:01Z,R_2Qta7zP7dr5AoCA,yes,278,1920x1080,6.214,6.214,11.425,1,25,20,3,Agree,Strongly agree,Strongly agree,Strongly agree,Agree,Agree,Strongly agree,Agree,Neither agree nor disagree,Agree,Agree,26,Male,3,2-3 times a week,NA,HR technology,278,high,low,NA
280,407,TRUE,2022-12-17T16:52:59Z,R_3solrNw9h6DNivX,yes,279,360x780,10.132,17.715,256.567,2,47,90,6,Strongly disagree,Disagree,Strongly disagree,Strongly disagree,Strongly disagree,Strongly disagree,Neither agree nor disagree,Disagree,Neither agree nor disagree,Strongly disagree,Strongly disagree,53,Female,3,Other,I have read this text carefully,HR technology,279,high,high,mobile
281,464,TRUE,2022-12-17T16:53:06Z,R_YbQ29eyeKFXyb9D,yes,280,390x844,4.747,295.961,298.396,4,52,94,6,Disagree,Agree,Strongly agree,Agree,Agree,Agree,Agree,Agree,Neither agree nor disagree,Disagree,Disagree,30,Male,0,4-6 times a week,NA,HR technology,280,low,high,mobile
282,535,TRUE,2022-12-17T16:53:56Z,R_3m2yZjXu0TCXrfL,yes,281,1536x1024,21.136,21.136,320.372,1,54,65,4,Agree,Strongly agree,Agree,Strongly agree,Neither agree nor disagree,Neither agree nor disagree,Agree,Agree,Neither agree nor disagree,Strongly agree,Agree,40,Male,7,Other,I have read this text carefully,HR technology,281,low,low,NA
283,276,TRUE,2022-12-17T16:53:58Z,R_AMb2IRtrt2DeB5T,yes,282,1920x1080,8.357,8.357,153.794,1,85,54,5,Disagree,Disagree,Disagree,Neither agree nor disagree,Disagree,Disagree,Disagree,Neither agree nor disagree,Neither agree nor disagree,Disagree,Agree,35,Male,0,Other,I have read this text carefully,HR technology,282,high,high,NA
284,631,TRUE,2022-12-17T16:55:49Z,R_1rCWfOPyFbUtWHr,yes,283,1920x1080,13.105,408.237,408.622,2,10,81,4,Agree,Agree,Agree,Agree,Neither agree nor disagree,Neither agree nor disagree,Neither agree nor disagree,Agree,Agree,Agree,Agree,26,Male,1,Other,I have read this text carefully,HR technology,283,high,low,NA
285,372,FALSE,2022-12-17T16:56:05Z,R_3pr3PmfpBpMhmOe,yes,284,1360x768,NA,NA,NA,NA,NA,NA,NA,NA,NA,NA,NA,NA,NA,NA,NA,NA,NA,NA,NA,NA,NA,NA,NA,NA,284,low,high,NA
286,1910,TRUE,2022-12-17T16:57:36Z,R_1lu6KY2mmc4xZcz,yes,285,1440x900,63.305,64.044,435.439,2,60,28,5,Agree,Neither agree nor disagree,Agree,Neither agree nor disagree,Disagree,Disagree,Agree,Agree,Agree,Disagree,Neither agree nor disagree,46,Male,3,2-3 times a week,NA,HR technology,285,low,high,NA
287,443,TRUE,2022-12-17T16:57:51Z,R_1DzM1VqAm73WPuD,yes,286,1366x768,16.098,289.557,293.029,2,0,0,1,Agree,Agree,Agree,Disagree,Neither agree nor disagree,Neither agree nor disagree,Neither agree nor disagree,Agree,Agree,Agree,Disagree,56,Non-binary,2,4-6 times a week,NA,HR technology,286,high,high,NA
158,79,FALSE,2022-12-17T16:57:55Z,R_31gFl3IsoCsrz3k,yes,158,375x812,0.77,0.77,2.274,1,71,75,5,Agree,Agree,Agree,Strongly agree,Agree,Agree,Strongly agree,Agree,Agree,Agree,Agree,32,Male,3,NA,NA,NA,158,low,low,mobile
288,419,TRUE,2022-12-17T16:58:37Z,R_1PYlM85PBPU8xmP,yes,287,1536x864,5.725,5.725,152.8,1,77,89,5,Strongly agree,Strongly agree,Strongly agree,Agree,Strongly agree,Strongly agree,Agree,Agree,Agree,Strongly agree,Strongly agree,25,Male,5,Other,I have read this text carefully,HR technology,287,high,low,NA
289,522,TRUE,2022-12-17T17:00:03Z,R_3qgSrZOTpUV7OEa,yes,288,1366x768,6.936,6.936,41.217,1,17,26,3,Strongly agree,Strongly agree,Strongly agree,Strongly agree,Strongly agree,Agree,Agree,Agree,Strongly agree,Strongly agree,Agree,28,Male,4,Other,I have read this text carefully,HR technology,288,low,low,NA
290,693,TRUE,2022-12-17T17:02:07Z,R_2R9YJ4zEJ0IpZo1,yes,289,1680x1050,6.222,6.222,314.217,1,65,63,5,Strongly agree,Strongly agree,Strongly agree,Strongly agree,Strongly agree,Agree,Agree,Agree,Agree,Agree,Agree,33,Female,1,Other,I have read this text carefully,HR technology,289,low,high,NA
291,962,TRUE,2022-12-17T17:05:55Z,R_2c6eutvGR4nqCDE,yes,290,1440x900,31.912,31.912,348.057,1,58,65,6,Agree,Strongly agree,Disagree,Agree,Disagree,Neither agree nor disagree,Agree,Agree,Agree,Agree,Strongly agree,40,Female,0,Other,I have read this text carefully,HR technology,290,high,high,NA
292,524,TRUE,2022-12-17T17:06:09Z,R_tM08QcMAnyFhjMd,yes,291,1920x1080,47.8,60.687,222.701,2,20,67,6,Agree,Agree,Neither agree nor disagree,Agree,Agree,Neither agree nor disagree,Agree,Neither agree nor disagree,Agree,Disagree,Disagree,37,Male,10,Other,I have read this text carefully,HR technology,291,low,low,NA
178,227,FALSE,2022-12-17T17:06:40Z,R_ZltzmVlxzdQ0mGt,yes,177,1366x768,10.887,10.887,102.526,1,NA,NA,NA,NA,NA,NA,NA,NA,NA,NA,NA,NA,NA,NA,NA,NA,NA,NA,NA,NA,177,low,low,NA
293,4,FALSE,2022-12-17T17:07:04Z,R_dcVMVTZZw2Tfus9,yes,292,2560x1440,NA,NA,NA,NA,NA,NA,NA,NA,NA,NA,NA,NA,NA,NA,NA,NA,NA,NA,NA,NA,NA,NA,NA,NA,292,high,low,NA
294,316,FALSE,2022-12-17T17:07:09Z,R_2w4V50OJ96d8WG7,yes,293,1920x1080,9.22,9.22,123.067,1,0,34,3,Agree,Strongly agree,Neither agree nor disagree,Agree,Neither agree nor disagree,Neither agree nor disagree,Agree,Neither agree nor disagree,Strongly disagree,Agree,Neither agree nor disagree,NA,NA,NA,NA,NA,NA,293,low,low,NA
295,955,TRUE,2022-12-17T17:09:38Z,R_AL698bIKuniCzXr,yes,294,390x844,90.701,97.852,386.979,3,61,75,5,Neither agree nor disagree,Agree,Agree,Neither agree nor disagree,Agree,Strongly agree,Agree,Agree,Strongly agree,Agree,Agree,39,Non-binary,8,Other,I have read this text carefully,HR technology,294,low,high,mobile
296,2297,TRUE,2022-12-17T17:11:13Z,R_3D6LNaCyPDAoHEF,yes,295,1920x1080,5.541,5.541,116.315,1,80,94,6,Agree,Strongly agree,Agree,Agree,Strongly agree,Strongly agree,Strongly agree,Strongly agree,Strongly agree,Agree,Agree,31,Male,6,Other,I have read this text carefully,HR technology,295,high,high,NA
247,370,FALSE,2022-12-17T17:13:18Z,R_3KvTWBnMOC4Wa8p,yes,246,1280x720,0,0,29.713,0,71,NA,NA,NA,NA,NA,NA,NA,NA,NA,NA,NA,NA,NA,NA,NA,NA,NA,NA,NA,246,high,high,NA
297,69,FALSE,2022-12-17T17:14:37Z,R_3oFsLFoneJqW31V,yes,296,1280x800,NA,NA,NA,NA,NA,NA,NA,NA,NA,NA,NA,NA,NA,NA,NA,NA,NA,NA,NA,NA,NA,NA,NA,NA,296,high,low,NA
298,16,FALSE,2022-12-17T17:14:43Z,R_1oF5lJ8Te4vfuEn,yes,297,1470x956,NA,NA,NA,NA,NA,NA,NA,NA,NA,NA,NA,NA,NA,NA,NA,NA,NA,NA,NA,NA,NA,NA,NA,NA,297,low,low,NA
299,249,TRUE,2022-12-17T17:15:44Z,R_3HukhK5Q5oakAPu,yes,298,2580x1080,11.061,11.061,129.591,1,24,62,4,Agree,Neither agree nor disagree,Neither agree nor disagree,Neither agree nor disagree,Neither agree nor disagree,Neither agree nor disagree,Disagree,Agree,Disagree,Neither agree nor disagree,Neither agree nor disagree,42,Male,0,Once a week,NA,HR technology,298,high,low,NA
199,79,FALSE,2022-12-17T17:16:23Z,R_3M3ZoP5jlr1SYjU,yes,198,1600x900,NA,NA,NA,NA,NA,NA,NA,NA,NA,NA,NA,NA,NA,NA,NA,NA,NA,NA,NA,NA,NA,NA,NA,NA,198,low,high,NA
300,9,FALSE,2022-12-17T17:16:51Z,R_3HogoR5HaCXGxNc,yes,299,412x915,NA,NA,NA,NA,NA,NA,NA,NA,NA,NA,NA,NA,NA,NA,NA,NA,NA,NA,NA,NA,NA,NA,NA,NA,299,low,low,mobile
219,463,FALSE,2022-12-17T17:18:51Z,R_D336WYciioLfV6N,yes,218,360x640,NA,NA,NA,NA,NA,NA,NA,NA,NA,NA,NA,NA,NA,NA,NA,NA,NA,NA,NA,NA,NA,NA,NA,NA,218,high,high,mobile
301,6,FALSE,2022-12-17T17:19:09Z,R_rdQoNqq6mv2t0I1,yes,231,390x844,NA,NA,NA,NA,NA,NA,NA,NA,NA,NA,NA,NA,NA,NA,NA,NA,NA,NA,NA,NA,NA,NA,NA,NA,231,low,low,mobile
302,379,TRUE,2022-12-17T17:21:35Z,R_2TzbSpQpYv4EQRY,yes,300,1280x720,99.28,288.379,290.259,2,78,77,6,Agree,Agree,Agree,Agree,Agree,Agree,Agree,Agree,Agree,Agree,Agree,38,Male,7,Other,I have read this text carefully,HR technology,300,high,high,NA
303,177,FALSE,2022-12-17T17:24:59Z,R_3lM0OBH1L4CaKDs,yes,301,1920x1080,19.105,101.808,102.205,3,10,66,NA,NA,NA,NA,NA,NA,NA,NA,NA,NA,NA,NA,NA,NA,NA,NA,NA,NA,301,high,low,NA
237,5,FALSE,2022-12-17T17:26:03Z,R_1g1SBnw04a7fKt3,yes,236,390x844,NA,NA,NA,NA,NA,NA,NA,NA,NA,NA,NA,NA,NA,NA,NA,NA,NA,NA,NA,NA,NA,NA,NA,NA,236,low,low,mobile
304,443,TRUE,2022-12-17T17:34:52Z,R_2BwUumfHxJAwksy,yes,302,1920x1080,4.818,4.818,70.685,1,26,28,3,Neither agree nor disagree,Disagree,Agree,Agree,Neither agree nor disagree,Neither agree nor disagree,Disagree,Agree,Neither agree nor disagree,Disagree,Disagree,35,Male,8,Other,I have read this text carefully,HR technology,302,high,high,NA
305,283,TRUE,2022-12-17T17:35:10Z,R_T13xshv3GVwGhQl,yes,303,393x851,4.299,150.138,150.722,4,16,86,4,Agree,Agree,Agree,Agree,Agree,Neither agree nor disagree,Agree,Neither agree nor disagree,Agree,Neither agree nor disagree,Agree,28,Male,0,Other,I have read this text carefully,HR technology,303,high,high,mobile
306,15,FALSE,2022-12-17T17:38:54Z,R_10wpWCaPW8pdrJN,yes,304,360x640,0.426,0.805,1.706,2,NA,NA,NA,NA,NA,NA,NA,NA,NA,NA,NA,NA,NA,NA,NA,NA,NA,NA,NA,NA,304,low,low,mobile
307,187,FALSE,2022-12-17T17:40:03Z,R_2PnvfSg08H7k2Wm,yes,305,393x808,NA,NA,NA,NA,NA,NA,NA,NA,NA,NA,NA,NA,NA,NA,NA,NA,NA,NA,NA,NA,NA,NA,NA,NA,305,high,low,mobile
308,26,FALSE,2022-12-17T17:45:47Z,R_2dRpoNEGwK3SCxQ,yes,306,1280x800,NA,NA,NA,NA,NA,NA,NA,NA,NA,NA,NA,NA,NA,NA,NA,NA,NA,NA,NA,NA,NA,NA,NA,NA,306,low,low,NA
309,228,FALSE,2022-12-17T17:50:06Z,R_3HGg6RxURJ5HhT1,yes,307,1440x900,NA,NA,NA,NA,NA,NA,NA,NA,NA,NA,NA,NA,NA,NA,NA,NA,NA,NA,NA,NA,NA,NA,NA,NA,307,low,high,NA
275,56,FALSE,2022-12-17T17:50:25Z,R_2xW7ky52A8XH2Ev,yes,274,1368x912,NA,NA,NA,NA,NA,NA,NA,NA,NA,NA,NA,NA,NA,NA,NA,NA,NA,NA,NA,NA,NA,NA,NA,NA,274,low,low,NA
310,181,TRUE,2022-12-17T17:53:57Z,R_1l045pR8BLf9XKU,yes,308,1920x1080,5.542,5.542,80.239,1,56,19,5,Agree,Agree,Strongly agree,Strongly agree,Agree,Agree,Agree,Agree,Agree,Agree,Agree,49,Male,5,Other,I have read this text carefully,HR technology,308,low,high,NA
311,268,TRUE,2022-12-17T17:55:29Z,R_2wHwURQe0gUJImr,yes,309,1920x1080,5.313,5.313,136.712,1,75,57,6,Agree,Agree,Strongly agree,Strongly agree,Agree,Agree,Agree,Strongly agree,Strongly agree,Agree,Agree,41,Male,4,Other,I have read this text carefully,HR technology,309,high,high,NA
312,356,TRUE,2022-12-17T17:57:03Z,R_1plCx0MVVlQ3uVB,yes,310,1366x768,12.703,12.703,182.055,1,71,47,5,Agree,Agree,Strongly agree,Agree,Strongly agree,Agree,Agree,Agree,Strongly agree,Strongly agree,Strongly agree,41,Male,11,Other,I have read this text carefully,HR technology,310,low,high,NA
313,396,TRUE,2022-12-17T17:57:44Z,R_1oby7zhGRkUf5En,yes,311,1536x864,9.841,9.841,240.655,1,70,100,6,Agree,Agree,Agree,Strongly agree,Neither agree nor disagree,Neither agree nor disagree,Neither agree nor disagree,Neither agree nor disagree,Neither agree nor disagree,Neither agree nor disagree,Agree,61,Male,0,Other,I have read this text carefully,HR technology,311,low,low,NA
314,458,TRUE,2022-12-17T17:58:41Z,R_1CliQkjjz04xG8M,yes,312,1600x900,10.163,10.163,219.107,1,10,51,3,Neither agree nor disagree,Agree,Agree,Agree,Neither agree nor disagree,Neither agree nor disagree,Agree,Agree,Agree,Agree,Agree,47,Female,19,Other,I have read this text carefully,HR technology,312,high,low,NA
315,211,TRUE,2022-12-17T18:09:39Z,R_20UyhFRKmuibUK6,yes,313,1600x900,5.479,5.479,58.145,1,70,73,5,Neither agree nor disagree,Agree,Strongly agree,Neither agree nor disagree,Agree,Agree,Agree,Agree,Agree,Agree,Agree,30,Male,2,Other,I have read this text carefully,HR technology,313,low,high,NA
308,1050,FALSE,2022-12-17T18:11:10Z,R_UKEvhruQi1QlUzL,yes,306,1280x800,NA,NA,NA,NA,NA,NA,NA,NA,NA,NA,NA,NA,NA,NA,NA,NA,NA,NA,NA,NA,NA,NA,NA,NA,306,low,high,NA
316,480,FALSE,2022-12-17T18:25:56Z,R_1q9UjCYsKdsg4D9,yes,314,1280x800,10.529,10.529,357.83,1,20,38,4,Agree,Agree,Agree,Strongly agree,Disagree,Neither agree nor disagree,Neither agree nor disagree,Agree,Agree,Agree,Agree,NA,NA,NA,NA,NA,NA,314,high,low,NA
317,1619,TRUE,2022-12-17T18:58:05Z,R_4O8FHJHHwVK8r4t,yes,315,2560x1440,12.325,12.325,191.107,1,75,76,6,Agree,Agree,Agree,Agree,Agree,Agree,Agree,Neither agree nor disagree,Strongly agree,Strongly agree,Agree,24,Male,3,Other,I have read this text carefully,HR technology,315,low,high,NA
318,55,FALSE,2022-12-17T19:08:56Z,R_31BG2lFUCPv1pRL,yes,316,1280x800,NA,NA,NA,NA,NA,NA,NA,NA,NA,NA,NA,NA,NA,NA,NA,NA,NA,NA,NA,NA,NA,NA,NA,NA,316,high,high,NA
